Nombre;id del curso;URL_lMS;;;;;;;;;;;;;;;;;;;;;
Gestión del cambio;course-v1:ISILGO+01_GDC+2021;https://manager.isilgo.com/courses/course-v1:ISILGO+01_GDC+2021/course/;;;;;;;;;;;;;;;;;;;;;
Fotografía Digital;course-v1:ISILGO+02_FD+2021;https://manager.isilgo.com/courses/course-v1:ISILGO+02_FD+2021/course/;;;;;;;;;;;;;;;;;;;;;
PRUEBA - FOTOGRAFÍA - DEMO 2.0;course-v1:ISILGO+02_FD_PRUEBA+2021;https://manager.isilgo.com/courses/course-v1:ISILGO+02_FD_PRUEBA+2021/course/;;;;;;;;;;;;;;;;;;;;;
Desarrollo de equipos de alto rendimiento;course-v1:ISILGO+03_DEAR+2021;https://manager.isilgo.com/courses/course-v1:ISILGO+03_DEAR+2021/course/;;;;;;;;;;;;;;;;;;;;;
Resiliencia y gestión de la adversidad;course-v1:ISILGO+04_RGA+2021;https://manager.isilgo.com/courses/course-v1:ISILGO+04_RGA+2021/course/;;;;;;;;;;;;;;;;;;;;;
Business Model Canvas y nuevos modelos de negocio;course-v1:ISILGO+05_BMC+2021;https://manager.isilgo.com/courses/course-v1:ISILGO+05_BMC+2021/course/;;;;;;;;;;;;;;;;;;;;;
Negociación y persuasión comercial;course-v1:ISILGO+06_NPC+2021;https://manager.isilgo.com/courses/course-v1:ISILGO+06_NPC+2021/course/;;;;;;;;;;;;;;;;;;;;;
Trendhunting - Tendencias para la innovacio?n;course-v1:ISILGO+07_TTI+2021;https://manager.isilgo.com/courses/course-v1:ISILGO+07_TTI+2021/course/;;;;;;;;;;;;;;;;;;;;;
Presentaciones de alto impacto y storytelling;course-v1:ISILGO+08_PAIS+2021;https://manager.isilgo.com/courses/course-v1:ISILGO+08_PAIS+2021/course/;;;;;;;;;;;;;;;;;;;;;
Social Media Marketing;course-v1:ISILGO+09_SMM+2021;https://manager.isilgo.com/courses/course-v1:ISILGO+09_SMM+2021/course/;;;;;;;;;;;;;;;;;;;;;
Estrategia de Precios - Pricing;course-v1:ISILGO+100_EPP+2021;https://manager.isilgo.com/courses/course-v1:ISILGO+100_EPP+2021/course/;;;;;;;;;;;;;;;;;;;;;
Aprendizaje Ágil con ISIL Go;course-v1:ISILGO+101_AAIG+2021;https://manager.isilgo.com/courses/course-v1:ISILGO+101_AAIG+2021/course/;;;;;;;;;;;;;;;;;;;;;
Potencia tu Empleabilidad y Desarrollo Profesional;course-v1:ISILGO+102_PEDP+2021;https://manager.isilgo.com/courses/course-v1:ISILGO+102_PEDP+2021/course/;;;;;;;;;;;;;;;;;;;;;
Descubre tu Potencial: Wellness Mentoring;course-v1:ISILGO+103_DTWM+2021;https://manager.isilgo.com/courses/course-v1:ISILGO+103_DTWM+2021/course/;;;;;;;;;;;;;;;;;;;;;
Diseño Creativo de Viviendas;course-v1:ISILGO+104_DCV+2021;https://manager.isilgo.com/courses/course-v1:ISILGO+104_DCV+2021/course/;;;;;;;;;;;;;;;;;;;;;
Ilustración Vectorial;course-v1:ISILGO+105_IV+2021;https://manager.isilgo.com/courses/course-v1:ISILGO+105_IV+2021/course/;;;;;;;;;;;;;;;;;;;;;
¿Cómo potenciar tu desarrollo profesional?;course-v1:ISILGO+106_CPDP+2022;https://manager.isilgo.com/courses/course-v1:ISILGO+106_CPDP+2022/course/;;;;;;;;;;;;;;;;;;;;;
Cultura de Innovación: Estructuras, Equipos y Herramientas;course-v1:ISILGO+107_CIEE+2022;https://manager.isilgo.com/courses/course-v1:ISILGO+107_CIEE+2022/course/;;;;;;;;;;;;;;;;;;;;;
Cultura de Innovación: Liderazgo, Talento y Métricas;course-v1:ISILGO+108_CILT+2022;https://manager.isilgo.com/courses/course-v1:ISILGO+108_CILT+2022/course/;;;;;;;;;;;;;;;;;;;;;
ERP - Sistemas de información logística;course-v1:ISILGO+109_ERPS+2022;https://manager.isilgo.com/courses/course-v1:ISILGO+109_ERPS+2022/course/;;;;;;;;;;;;;;;;;;;;;
CX - Experiencia de cliente;course-v1:ISILGO+10_EC+2021;https://manager.isilgo.com/courses/course-v1:ISILGO+10_EC+2021/course/;;;;;;;;;;;;;;;;;;;;;
Estrategias de marketing omnicanal;course-v1:ISILGO+110_EMO+2022;https://manager.isilgo.com/courses/course-v1:ISILGO+110_EMO+2022/course/;;;;;;;;;;;;;;;;;;;;;
Excel para análisis financieros;course-v1:ISILGO+111_EAF+2022;https://manager.isilgo.com/courses/course-v1:ISILGO+111_EAF+2022/course/;;;;;;;;;;;;;;;;;;;;;
Gestión de importaciones y exportaciones;course-v1:ISILGO+112_GIE+2022;https://manager.isilgo.com/courses/course-v1:ISILGO+112_GIE+2022/course/;;;;;;;;;;;;;;;;;;;;;
Introducción a la Logística;course-v1:ISILGO+113_IL+2022;https://manager.isilgo.com/courses/course-v1:ISILGO+113_IL+2022/course/;;;;;;;;;;;;;;;;;;;;;
Introducción a las metodologías de innovación;course-v1:ISILGO+114_IMI+2022;https://manager.isilgo.com/courses/course-v1:ISILGO+114_IMI+2022/course/;;;;;;;;;;;;;;;;;;;;;
Investigación de mercados cualitativa y cuantitativa;course-v1:ISILGO+115_IMC+2022;https://manager.isilgo.com/courses/course-v1:ISILGO+115_IMC+2022/course/;;;;;;;;;;;;;;;;;;;;;
Investigación de mercados cualitativa y cuantitativa;course-v1:ISILGO+115_IMCC+2022;https://manager.isilgo.com/courses/course-v1:ISILGO+115_IMCC+2022/course/;;;;;;;;;;;;;;;;;;;;;
Logística en e-commerce;course-v1:ISILGO+116_LE+2022;https://manager.isilgo.com/courses/course-v1:ISILGO+116_LE+2022/course/;;;;;;;;;;;;;;;;;;;;;
Logística inversa como ventaja diferencial;course-v1:ISILGO+117_LIVD+2022;https://manager.isilgo.com/courses/course-v1:ISILGO+117_LIVD+2022/course/;;;;;;;;;;;;;;;;;;;;;
Modelos de Innovación para crear valor;course-v1:ISILGO+118_MICV+2022;https://manager.isilgo.com/courses/course-v1:ISILGO+118_MICV+2022/course/;;;;;;;;;;;;;;;;;;;;;
Pensamiento sistémico para la toma de decisiones;course-v1:ISILGO+119_PSTD+2022;https://manager.isilgo.com/courses/course-v1:ISILGO+119_PSTD+2022/course/;;;;;;;;;;;;;;;;;;;;;
Flexibilidad mental y gestión de las emociones;course-v1:ISILGO+11_FMGE+2021;https://manager.isilgo.com/courses/course-v1:ISILGO+11_FMGE+2021/course/;;;;;;;;;;;;;;;;;;;;;
Medios Digitales para Posicionar tu Empresa;course-v1:ISILGO+120_PMD+2022;https://manager.isilgo.com/courses/course-v1:ISILGO+120_PMD+2022/course/;;;;;;;;;;;;;;;;;;;;;
Responsabilidad social empresarial;course-v1:ISILGO+121_RSE+2022;https://manager.isilgo.com/courses/course-v1:ISILGO+121_RSE+2022/course/;;;;;;;;;;;;;;;;;;;;;
Técnicas de Creatividad para el desarrollo de ideas;course-v1:ISILGO+122_TCDI+2022;https://manager.isilgo.com/courses/course-v1:ISILGO+122_TCDI+2022/course/;;;;;;;;;;;;;;;;;;;;;
Técnicas y herramientas para la venta;course-v1:ISILGO+123_THV+2022;https://manager.isilgo.com/courses/course-v1:ISILGO+123_THV+2022/course/;;;;;;;;;;;;;;;;;;;;;
Tendencias digitales de la banca y fintechs;course-v1:ISILGO+124_TDBF+2022;https://manager.isilgo.com/courses/course-v1:ISILGO+124_TDBF+2022/course/;;;;;;;;;;;;;;;;;;;;;
Transformación digital aplicada a la banca;course-v1:ISILGO+125_TDAB+2022;https://manager.isilgo.com/courses/course-v1:ISILGO+125_TDAB+2022/course/;;;;;;;;;;;;;;;;;;;;;
Aplicando la tecnología para innovar en la logística;course-v1:ISILGO+126_ATIL+2022;https://manager.isilgo.com/courses/course-v1:ISILGO+126_ATIL+2022/course/;;;;;;;;;;;;;;;;;;;;;
Autoconocimiento y Desarrollo Personal;course-v1:ISILGO+127_ADP+2022;https://manager.isilgo.com/courses/course-v1:ISILGO+127_ADP+2022/course/;;;;;;;;;;;;;;;;;;;;;
Branding Digital;course-v1:ISILGO+128_BD+2022;https://manager.isilgo.com/courses/course-v1:ISILGO+128_BD+2022/course/;;;;;;;;;;;;;;;;;;;;;
Business intelligence;course-v1:ISILGO+129_BI+2022;https://manager.isilgo.com/courses/course-v1:ISILGO+129_BI+2022/course/;;;;;;;;;;;;;;;;;;;;;
Productividad y gestión del tiempo;course-v1:ISILGO+12_PGT+2021;https://manager.isilgo.com/courses/course-v1:ISILGO+12_PGT+2021/course/;;;;;;;;;;;;;;;;;;;;;
¿Cómo diseñar un negocio digital desde cero?;course-v1:ISILGO+130_CDND+2022;https://manager.isilgo.com/courses/course-v1:ISILGO+130_CDND+2022/course/;;;;;;;;;;;;;;;;;;;;;
PROMOCIÓN DE DESTINOS TURÍSTICOS;course-v1:ISILGO+131_PDT+2022;https://manager.isilgo.com/courses/course-v1:ISILGO+131_PDT+2022/course/;;;;;;;;;;;;;;;;;;;;;
Diseño y gestión de eventos en hoteles;course-v1:ISILGO+132_DGEH+2022;https://manager.isilgo.com/courses/course-v1:ISILGO+132_DGEH+2022/course/;;;;;;;;;;;;;;;;;;;;;
Guest Service Experience: Gestionando la mejor experiencia del huésped;course-v1:ISILGO+133_GSE+2022;https://manager.isilgo.com/courses/course-v1:ISILGO+133_GSE+2022/course/;;;;;;;;;;;;;;;;;;;;;
Gestión de costos para hoteles y restaurantes;course-v1:ISILGO+134_GCHR+2022;https://manager.isilgo.com/courses/course-v1:ISILGO+134_GCHR+2022/course/;;;;;;;;;;;;;;;;;;;;;
Revenue Management: Proyectando tarifas hoteleras;course-v1:ISILGO+135_RMPT+2022;https://manager.isilgo.com/courses/course-v1:ISILGO+135_RMPT+2022/course/;;;;;;;;;;;;;;;;;;;;;
Hospitality: Introducción a la industria hotelera y turismo;course-v1:ISILGO+136_HIIH+2022;https://manager.isilgo.com/courses/course-v1:ISILGO+136_HIIH+2022/course/;;;;;;;;;;;;;;;;;;;;;
Aplicando el marketing digital en hotelería y turismo;course-v1:ISILGO+137_AMDH+2022;https://manager.isilgo.com/courses/course-v1:ISILGO+137_AMDH+2022/course/;;;;;;;;;;;;;;;;;;;;;
Innovación en el modelo de negocio de hoteles y restaurantes;course-v1:ISILGO+138_IMNH+2022;https://manager.isilgo.com/courses/course-v1:ISILGO+138_IMNH+2022/course/;;;;;;;;;;;;;;;;;;;;;
Desarrolla y planifica tu próxima colección de moda;course-v1:ISILGO+139_DPPC+2022;https://manager.isilgo.com/courses/course-v1:ISILGO+139_DPPC+2022/course/;;;;;;;;;;;;;;;;;;;;;
Atracción y selección del talento;course-v1:ISILGO+13_AST+2021;https://manager.isilgo.com/courses/course-v1:ISILGO+13_AST+2021/course/;;;;;;;;;;;;;;;;;;;;;
Branding para una marca de moda memorable;course-v1:ISILGO+140_BFS+2022;https://manager.isilgo.com/courses/course-v1:ISILGO+140_BFS+2022/course/;;;;;;;;;;;;;;;;;;;;;
Moda sostenible: Diseñando marcas con impacto positivo;course-v1:ISILGO+141_MSDM+2022;https://manager.isilgo.com/courses/course-v1:ISILGO+141_MSDM+2022/course/;;;;;;;;;;;;;;;;;;;;;
Presupuestando un proyecto de diseño de interiores;course-v1:ISILGO+142_PPDI+2022;https://manager.isilgo.com/courses/course-v1:ISILGO+142_PPDI+2022/course/;;;;;;;;;;;;;;;;;;;;;
Diseño de interiores: Creando espacios comerciales;course-v1:ISILGO+143_DICE+2022;https://manager.isilgo.com/courses/course-v1:ISILGO+143_DICE+2022/course/;;;;;;;;;;;;;;;;;;;;;
Atención al cliente financiero;course-v1:ISILGO+144_ACF+2022;https://manager.isilgo.com/courses/course-v1:ISILGO+144_ACF+2022/course/;;;;;;;;;;;;;;;;;;;;;
Gestión financiera para Banca Personas;course-v1:ISILGO+145_GFAF+2022;https://manager.isilgo.com/courses/course-v1:ISILGO+145_GFAF+2022/course/;;;;;;;;;;;;;;;;;;;;;
Gestión financiera para MYPES y PYMES;course-v1:ISILGO+146_GFAM+2022;https://manager.isilgo.com/courses/course-v1:ISILGO+146_GFAM+2022/course/;;;;;;;;;;;;;;;;;;;;;
Introducción a productos de inversión y mercado de valores;course-v1:ISILGO+147_IPIM+2022;https://manager.isilgo.com/courses/course-v1:ISILGO+147_IPIM+2022/course/;;;;;;;;;;;;;;;;;;;;;
Gestión eficiente de agencias bancarias;course-v1:ISILGO+148_GEAB+2022;https://manager.isilgo.com/courses/course-v1:ISILGO+148_GEAB+2022/course/;;;;;;;;;;;;;;;;;;;;;
Gestión financiera para Banca Empresa;course-v1:ISILGO+149_GFAB+2022;https://manager.isilgo.com/courses/course-v1:ISILGO+149_GFAB+2022/course/;;;;;;;;;;;;;;;;;;;;;
Relaciones públicas para el manejo de crisis;course-v1:ISILGO+14_RPMC+2021;https://manager.isilgo.com/courses/course-v1:ISILGO+14_RPMC+2021/course/;;;;;;;;;;;;;;;;;;;;;
Herramientas digitales para maximizar el potencial de tu marca;course-v1:ISILGO+150_HDMP+2022;https://manager.isilgo.com/courses/course-v1:ISILGO+150_HDMP+2022/course/;;;;;;;;;;;;;;;;;;;;;
Introducción a la comunicación estratégica para una marca exitosa;course-v1:ISILGO+151_ICEM+2022;https://manager.isilgo.com/courses/course-v1:ISILGO+151_ICEM+2022/course/;;;;;;;;;;;;;;;;;;;;;
Estrategias de Publicidad Digital para Desarrollo de Marca;course-v1:ISILGO+152_ECME+2022;https://manager.isilgo.com/courses/course-v1:ISILGO+152_ECME+2022/course/;;;;;;;;;;;;;;;;;;;;;
Planeamiento estratégico de la comunicación;course-v1:ISILGO+153_PEC+2022;https://manager.isilgo.com/courses/course-v1:ISILGO+153_PEC+2022/course/;;;;;;;;;;;;;;;;;;;;;
Organiza eventos integrales de alto impacto;course-v1:ISILGO+154_OEIA+2022;https://manager.isilgo.com/courses/course-v1:ISILGO+154_OEIA+2022/course/;;;;;;;;;;;;;;;;;;;;;
Comunicación corporativa: diseñando mensajes y acciones de impacto;course-v1:ISILGO+155_CIDM+2022;https://manager.isilgo.com/courses/course-v1:ISILGO+155_CIDM+2022/course/;;;;;;;;;;;;;;;;;;;;;
Análisis de costos y presupuestos para la toma de decisiones.;course-v1:ISILGO+156_AITD+2022;https://manager.isilgo.com/courses/course-v1:ISILGO+156_AITD+2022/course/;;;;;;;;;;;;;;;;;;;;;
Planificación Comercial;course-v1:ISILGO+156_PC+2022;https://manager.isilgo.com/courses/course-v1:ISILGO+156_PC+2022/course/;;;;;;;;;;;;;;;;;;;;;
Future Thinking;course-v1:ISILGO+157_FT+2022;https://manager.isilgo.com/courses/course-v1:ISILGO+157_FT+2022/course/;;;;;;;;;;;;;;;;;;;;;
Herramientas estadísticas y tendencias;course-v1:ISILGO+157_HET+2022;https://manager.isilgo.com/courses/course-v1:ISILGO+157_HET+2022/course/;;;;;;;;;;;;;;;;;;;;;
Atracción estratégica del talento;course-v1:ISILGO+158_AET+2022;https://manager.isilgo.com/courses/course-v1:ISILGO+158_AET+2022/course/;;;;;;;;;;;;;;;;;;;;;
Gestión de Fraude en el E-Commerce;course-v1:ISILGO+158_GF+2022;https://manager.isilgo.com/courses/course-v1:ISILGO+158_GF+2022/course/;;;;;;;;;;;;;;;;;;;;;
Growth Marketing;course-v1:ISILGO+159_GM+2022;https://manager.isilgo.com/courses/course-v1:ISILGO+159_GM+2022/course/;;;;;;;;;;;;;;;;;;;;;
Talent engagement: Retención del talento;course-v1:ISILGO+159_TERT+2022;https://manager.isilgo.com/courses/course-v1:ISILGO+159_TERT+2022/course/;;;;;;;;;;;;;;;;;;;;;
Logística digital;course-v1:ISILGO+15_LD+2021;https://manager.isilgo.com/courses/course-v1:ISILGO+15_LD+2021/course/;;;;;;;;;;;;;;;;;;;;;
Estrategia y gestión de la cadena de suministros;course-v1:ISILGO+160_EGCS+2022;https://manager.isilgo.com/courses/course-v1:ISILGO+160_EGCS+2022/course/;;;;;;;;;;;;;;;;;;;;;
Mindset Emprendedor para profesionales de servicios;course-v1:ISILGO+160_ME+2022;https://manager.isilgo.com/courses/course-v1:ISILGO+160_ME+2022/course/;;;;;;;;;;;;;;;;;;;;;
Cómo diseñar contenido de alto impacto para redes sociales;course-v1:ISILGO+161_CDCA+2022;https://manager.isilgo.com/courses/course-v1:ISILGO+161_CDCA+2022/course/;;;;;;;;;;;;;;;;;;;;;
Factores de éxito en Real Estate;course-v1:ISILGO+161_FE+2022;https://manager.isilgo.com/courses/course-v1:ISILGO+161_FE+2022/course/;;;;;;;;;;;;;;;;;;;;;
Desarrollo de proyectos con enfoque ágil;course-v1:ISILGO+162-DPEA+2022;https://manager.isilgo.com/courses/course-v1:ISILGO+162-DPEA+2022/course/;;;;;;;;;;;;;;;;;;;;;
¿Cómo iniciar un emprendimiento exitoso?;course-v1:ISILGO+163-CIEE+2022;https://manager.isilgo.com/courses/course-v1:ISILGO+163-CIEE+2022/course/;;;;;;;;;;;;;;;;;;;;;
Knowledge Management: Gestión del conocimiento;course-v1:ISILGO+164-KMGC+2022;https://manager.isilgo.com/courses/course-v1:ISILGO+164-KMGC+2022/course/;;;;;;;;;;;;;;;;;;;;;
Psicología y cultura organizacional;course-v1:ISILGO+165-PCO+2022;https://manager.isilgo.com/courses/course-v1:ISILGO+165-PCO+2022/course/;;;;;;;;;;;;;;;;;;;;;
Optimiza la gestión de operaciones en tu empresa;course-v1:ISILGO+166-OGOE+2022;https://manager.isilgo.com/courses/course-v1:ISILGO+166-OGOE+2022/course/;;;;;;;;;;;;;;;;;;;;;
Planning estratégico de campañas publicitarias;course-v1:ISILGO+167-PECP+2022;https://manager.isilgo.com/courses/course-v1:ISILGO+167-PECP+2022/course/;;;;;;;;;;;;;;;;;;;;;
Innovación para el futuro y coolhunting;course-v1:ISILGO+168-IFC+2022;https://manager.isilgo.com/courses/course-v1:ISILGO+168-IFC+2022/course/;;;;;;;;;;;;;;;;;;;;;
Diseñando el canal de distribución para tu negocio;course-v1:ISILGO+169-DCDN+2022;https://manager.isilgo.com/courses/course-v1:ISILGO+169-DCDN+2022/course/;;;;;;;;;;;;;;;;;;;;;
Creatividad gráfica publicitaria;course-v1:ISILGO+16_CGP+2021;https://manager.isilgo.com/courses/course-v1:ISILGO+16_CGP+2021/course/;;;;;;;;;;;;;;;;;;;;;
Dirección de negocios globales;course-v1:ISILGO+170-DCG+2022;https://manager.isilgo.com/courses/course-v1:ISILGO+170-DCG+2022/course/;;;;;;;;;;;;;;;;;;;;;
Estrategia de precios para productos y servicios de exportación;course-v1:ISILGO+171-EPPS+2022;https://manager.isilgo.com/courses/course-v1:ISILGO+171-EPPS+2022/course/;;;;;;;;;;;;;;;;;;;;;
Técnicas de investigación y estudios cualitativos;course-v1:ISILGO+172_TIEC+2022;https://manager.isilgo.com/courses/course-v1:ISILGO+172_TIEC+2022/course/;;;;;;;;;;;;;;;;;;;;;
Inteligencia comercial para las exportaciones;course-v1:ISILGO+173-ICE+2022;https://manager.isilgo.com/courses/course-v1:ISILGO+173-ICE+2022/course/;;;;;;;;;;;;;;;;;;;;;
Metodologías de investigación de mercados globales;course-v1:ISILGO+174-MIMG+2022;https://manager.isilgo.com/courses/course-v1:ISILGO+174-MIMG+2022/course/;;;;;;;;;;;;;;;;;;;;;
Identifica los mercados internacionales para tu negocio;course-v1:ISILGO+175-IMIN+2022;https://manager.isilgo.com/courses/course-v1:ISILGO+175-IMIN+2022/course/;;;;;;;;;;;;;;;;;;;;;
Aprende a gestionar logística internacional;course-v1:ISILGO+176-AGLI+2022;https://manager.isilgo.com/courses/course-v1:ISILGO+176-AGLI+2022/course/;;;;;;;;;;;;;;;;;;;;;
Cómo construir una estrategia de Marketing global;course-v1:ISILGO+177-CCEM+2022;https://manager.isilgo.com/courses/course-v1:ISILGO+177-CCEM+2022/course/;;;;;;;;;;;;;;;;;;;;;
Sistemas de distribución para negocios internacionales;course-v1:ISILGO+178-SDNI+2022;https://manager.isilgo.com/courses/course-v1:ISILGO+178-SDNI+2022/course/;;;;;;;;;;;;;;;;;;;;;
Aprende todo sobre los INCOTERMS 2020;course-v1:ISILGO+179-ASI+2022;https://manager.isilgo.com/courses/course-v1:ISILGO+179-ASI+2022/course/;;;;;;;;;;;;;;;;;;;;;
Marketing de servicios;course-v1:ISILGO+17_MS+2021;https://manager.isilgo.com/courses/course-v1:ISILGO+17_MS+2021/course/;;;;;;;;;;;;;;;;;;;;;
Psicología del consumidor como estrategia de marketing;course-v1:ISILGO+180_PCEM+2022;https://manager.isilgo.com/courses/course-v1:ISILGO+180_PCEM+2022/course/;;;;;;;;;;;;;;;;;;;;;
Decisiones de Financiamiento y Análisis del Mercado Bursátil;course-v1:ISILGO+181_DFAM+2023;https://manager.isilgo.com/courses/course-v1:ISILGO+181_DFAM+2023/course/;;;;;;;;;;;;;;;;;;;;;
Cómo crear una campaña publicitaria que trascienda;course-v1:ISILGO+181_KTX+2022;https://manager.isilgo.com/courses/course-v1:ISILGO+181_KTX+2022/course/;;;;;;;;;;;;;;;;;;;;;
Dirección de Talento Humano;course-v1:ISILGO+182_DTH+2023;https://manager.isilgo.com/courses/course-v1:ISILGO+182_DTH+2023/course/;;;;;;;;;;;;;;;;;;;;;
El Modelo de la Gestión por Competencias;course-v1:ISILGO+183_MGC+2023;https://manager.isilgo.com/courses/course-v1:ISILGO+183_MGC+2023/course/;;;;;;;;;;;;;;;;;;;;;
Instrumentos Financieros;course-v1:ISILGO+184_FIF+2023;https://manager.isilgo.com/courses/course-v1:ISILGO+184_FIF+2023/course/;;;;;;;;;;;;;;;;;;;;;
Gestión de Remuneraciones Salariales;course-v1:ISILGO+185_GRS+2023;https://manager.isilgo.com/courses/course-v1:ISILGO+185_GRS+2023/course/;;;;;;;;;;;;;;;;;;;;;
Gestión y Actividades de la Logística Externa;course-v1:ISILGO+186_GALE+2023;https://manager.isilgo.com/courses/course-v1:ISILGO+186_GALE+2023/course/;;;;;;;;;;;;;;;;;;;;;
La Comunicación Integrada del Marketing;course-v1:ISILGO+187_CIM+2023;https://manager.isilgo.com/courses/course-v1:ISILGO+187_CIM+2023/course/;;;;;;;;;;;;;;;;;;;;;
Logística Interna: Almacenes y Transporte Interno;course-v1:ISILGO+188_LIAT+2023;https://manager.isilgo.com/courses/course-v1:ISILGO+188_LIAT+2023/course/;;;;;;;;;;;;;;;;;;;;;
Marketing Sostenible;course-v1:ISILGO+189_MSE+2023;https://manager.isilgo.com/courses/course-v1:ISILGO+189_MSE+2023/course/;;;;;;;;;;;;;;;;;;;;;
Inteligencia emocional;course-v1:ISILGO+18_IE+2021;https://manager.isilgo.com/courses/course-v1:ISILGO+18_IE+2021/course/;;;;;;;;;;;;;;;;;;;;;
Reingeniería de Procesos;course-v1:ISILGO+190_MPO+2023;https://manager.isilgo.com/courses/course-v1:ISILGO+190_MPO+2023/course/;;;;;;;;;;;;;;;;;;;;;
Motivación y Coaching de Equipos de Ventas;course-v1:ISILGO+191_MCEV+2023;https://manager.isilgo.com/courses/course-v1:ISILGO+191_MCEV+2023/course/;;;;;;;;;;;;;;;;;;;;;
Organización de Recursos en un Almacén;course-v1:ISILGO+192_ORA+2023;https://manager.isilgo.com/courses/course-v1:ISILGO+192_ORA+2023/course/;;;;;;;;;;;;;;;;;;;;;
Presupuestos Comerciales;course-v1:ISILGO+193_PCE+2023;https://manager.isilgo.com/courses/course-v1:ISILGO+193_PCE+2023/course/;;;;;;;;;;;;;;;;;;;;;
Proceso de Calidad en la Cadena de Abastecimiento;course-v1:ISILGO+194_PCCA+2023;https://manager.isilgo.com/courses/course-v1:ISILGO+194_PCCA+2023/course/;;;;;;;;;;;;;;;;;;;;;
Seguridad en la Cadena de Abastecimiento;course-v1:ISILGO+195_SCA+2023;https://manager.isilgo.com/courses/course-v1:ISILGO+195_SCA+2023/course/;;;;;;;;;;;;;;;;;;;;;
Selección y Capacitación de la Fuerza de Ventas;course-v1:ISILGO+196_SCEC+2023;https://manager.isilgo.com/courses/course-v1:ISILGO+196_SCEC+2023/course/;;;;;;;;;;;;;;;;;;;;;
Sistemas de Planificación y Proceso de Manufactura;course-v1:ISILGO+197_SPPM+2023;https://manager.isilgo.com/courses/course-v1:ISILGO+197_SPPM+2023/course/;;;;;;;;;;;;;;;;;;;;;
Supervisión y Evaluación de Equipos Comerciales;course-v1:ISILGO+198_SEEC+2023;https://manager.isilgo.com/courses/course-v1:ISILGO+198_SEEC+2023/course/;;;;;;;;;;;;;;;;;;;;;
Técnicas de Captación de Clientes;course-v1:ISILGO+199_TCC+2023;https://manager.isilgo.com/courses/course-v1:ISILGO+199_TCC+2023/course/;;;;;;;;;;;;;;;;;;;;;
Nutrición y vida saludable;course-v1:ISILGO+19_NVS+2021;https://manager.isilgo.com/courses/course-v1:ISILGO+19_NVS+2021/course/;;;;;;;;;;;;;;;;;;;;;
Aplicaciones para Iphone;course-v1:ISILGO+200_AMI+2023;https://manager.isilgo.com/courses/course-v1:ISILGO+200_AMI+2023/course/;;;;;;;;;;;;;;;;;;;;;
Diseño y Desarrollo de Web;course-v1:ISILGO+201_DDW+2023;https://manager.isilgo.com/courses/course-v1:ISILGO+201_DDW+2023/course/;;;;;;;;;;;;;;;;;;;;;
Reportes Ejecutivos con Excel;course-v1:ISILGO+202_EREE+2023;https://manager.isilgo.com/courses/course-v1:ISILGO+202_EREE+2023/course/;;;;;;;;;;;;;;;;;;;;;
Métodos y Softwares Aplicados a la Gestión de Almacenamiento;course-v1:ISILGO+203_MSAG+2023;https://manager.isilgo.com/courses/course-v1:ISILGO+203_MSAG+2023/course/;;;;;;;;;;;;;;;;;;;;;
Navegación y Posicionamiento Web;course-v1:ISILGO+204_NPW+2023;https://manager.isilgo.com/courses/course-v1:ISILGO+204_NPW+2023/course/;;;;;;;;;;;;;;;;;;;;;
Cómo Reconocer Billetes Falsos;course-v1:ISILGO+205_TVCB+2023;https://manager.isilgo.com/courses/course-v1:ISILGO+205_TVCB+2023/course/;;;;;;;;;;;;;;;;;;;;;
Introducción a DeFi;course-v1:ISILGO+206_DEFI+2023;https://manager.isilgo.com/courses/course-v1:ISILGO+206_DEFI+2023/course/;;;;;;;;;;;;;;;;;;;;;
Introducción a la Blockchain;course-v1:ISILGO+207_IBC+2023;https://manager.isilgo.com/courses/course-v1:ISILGO+207_IBC+2023/course/;;;;;;;;;;;;;;;;;;;;;
Introducción a Los NFTs;course-v1:ISILGO+208_NFT+2023;https://manager.isilgo.com/courses/course-v1:ISILGO+208_NFT+2023/course/;;;;;;;;;;;;;;;;;;;;;
Transformación cultural con prácticas de Management 3.0;course-v1:ISILGO+209_TCPM+2023;https://manager.isilgo.com/courses/course-v1:ISILGO+209_TCPM+2023/course/;;;;;;;;;;;;;;;;;;;;;
Gestión de compras y abastecimiento;course-v1:ISILGO+20_GCA+2021;https://manager.isilgo.com/courses/course-v1:ISILGO+20_GCA+2021/course/;;;;;;;;;;;;;;;;;;;;;
Utiliza OKRs y haz que tu equipo logre sus metas;course-v1:ISILGO+210_UOKR+2023;https://manager.isilgo.com/courses/course-v1:ISILGO+210_UOKR+2023/course/;;;;;;;;;;;;;;;;;;;;;
Plan de negocios desde cero;course-v1:ISILGO+211_PNDC+2023;https://manager.isilgo.com/courses/course-v1:ISILGO+211_PNDC+2023/course/;;;;;;;;;;;;;;;;;;;;;
Gestión de proyectos y tareas;course-v1:ISILGO+212_GPT+2023;https://manager.isilgo.com/courses/course-v1:ISILGO+212_GPT+2023/course/;;;;;;;;;;;;;;;;;;;;;
Emprendimiento: Construye tu propia visión;course-v1:ISILGO+213_ECVP+2023;https://manager.isilgo.com/courses/course-v1:ISILGO+213_ECVP+2023/course/;;;;;;;;;;;;;;;;;;;;;
Metodologías para la valorización de mi emprendimiento;course-v1:ISILGO+214_MVME+2023;https://manager.isilgo.com/courses/course-v1:ISILGO+214_MVME+2023/course/;;;;;;;;;;;;;;;;;;;;;
Big Data aplicada a los negocios;course-v1:ISILGO+215_BDAN+2023;https://manager.isilgo.com/courses/course-v1:ISILGO+215_BDAN+2023/course/;;;;;;;;;;;;;;;;;;;;;
KPI's en la venta online;course-v1:ISILGO+216_KVEO+2023;https://manager.isilgo.com/courses/course-v1:ISILGO+216_KVEO+2023/course/;;;;;;;;;;;;;;;;;;;;;
Herramientas para cumplir las metas de ventas;course-v1:ISILGO+217_HCMV+2023;https://manager.isilgo.com/courses/course-v1:ISILGO+217_HCMV+2023/course/;;;;;;;;;;;;;;;;;;;;;
Introducción a las ventas;course-v1:ISILGO+218_IV+2023;https://manager.isilgo.com/courses/course-v1:ISILGO+218_IV+2023/course/;;;;;;;;;;;;;;;;;;;;;
Storytelling para ventas corporativas efectivas;course-v1:ISILGO+219_SVCE+2023;https://manager.isilgo.com/courses/course-v1:ISILGO+219_SVCE+2023/course/;;;;;;;;;;;;;;;;;;;;;
Diseño de espacios multifuncionales;course-v1:ISILGO+21_DEM+2021;https://manager.isilgo.com/courses/course-v1:ISILGO+21_DEM+2021/course/;;;;;;;;;;;;;;;;;;;;;
Wedding Planning: Organiza las mejores bodas;course-v1:ISILGO+220_WP+2023;https://manager.isilgo.com/courses/course-v1:ISILGO+220_WP+2023/course/;;;;;;;;;;;;;;;;;;;;;
Doblaje y actuación de voz;course-v1:ISILGO+221_DAV+2023;https://manager.isilgo.com/courses/course-v1:ISILGO+221_DAV+2023/course/;;;;;;;;;;;;;;;;;;;;;
Actúa con tu voz: doblaje para personajes;course-v1:ISILGO+222_ADVP+2023;https://manager.isilgo.com/courses/course-v1:ISILGO+222_ADVP+2023/course/;;;;;;;;;;;;;;;;;;;;;
Stand up comedy para no comediantes;course-v1:ISILGO+223_SUNC+2023;https://manager.isilgo.com/courses/course-v1:ISILGO+223_SUNC+2023/course/;;;;;;;;;;;;;;;;;;;;;
Aprende el arte de la escritura;course-v1:ISILGO+224_AAE+2023;https://manager.isilgo.com/courses/course-v1:ISILGO+224_AAE+2023/course/;;;;;;;;;;;;;;;;;;;;;
Aprende Locución Especializada;course-v1:ISILGO+225_ALE+2023;https://manager.isilgo.com/courses/course-v1:ISILGO+225_ALE+2023/course/;;;;;;;;;;;;;;;;;;;;;
Financiamiento de un emprendimiento;course-v1:ISILGO+226_FUE+2023;https://manager.isilgo.com/courses/course-v1:ISILGO+226_FUE+2023/course/;;;;;;;;;;;;;;;;;;;;;
Trading: ¿Cómo invertir en bolsa?;course-v1:ISILGO+227_TIB+2023;https://manager.isilgo.com/courses/course-v1:ISILGO+227_TIB+2023/course/;;;;;;;;;;;;;;;;;;;;;
Administración de Riesgo Financiero;course-v1:ISILGO+228_ARF+2023;https://manager.isilgo.com/courses/course-v1:ISILGO+228_ARF+2023/course/;;;;;;;;;;;;;;;;;;;;;
Inversiones en Criptomonedas para principiantes;course-v1:ISILGO+229_ICPB+2023;https://manager.isilgo.com/courses/course-v1:ISILGO+229_ICPB+2023/course/;;;;;;;;;;;;;;;;;;;;;
Plan de medios digitales;course-v1:ISILGO+22_PMD+2021;https://manager.isilgo.com/courses/course-v1:ISILGO+22_PMD+2021/course/;;;;;;;;;;;;;;;;;;;;;
Introducción a la gestión de riesgos de crédito;course-v1:ISILGO+230_IGRC+2023;https://manager.isilgo.com/courses/course-v1:ISILGO+230_IGRC+2023/course/;;;;;;;;;;;;;;;;;;;;;
Proyección de los Estados Financieros;course-v1:ISILGO+231_PEF+2023;https://manager.isilgo.com/courses/course-v1:ISILGO+231_PEF+2023/course/;;;;;;;;;;;;;;;;;;;;;
Aumenta tu inteligencia financiera;course-v1:ISILGO+232_ATF+2023;https://manager.isilgo.com/courses/course-v1:ISILGO+232_ATF+2023/course/;;;;;;;;;;;;;;;;;;;;;
Finanzas para freelancers;course-v1:ISILGO+233_FFL+2023;https://manager.isilgo.com/courses/course-v1:ISILGO+233_FFL+2023/course/;;;;;;;;;;;;;;;;;;;;;
Introducción a las finanzas;course-v1:ISILGO+234_IF+2023;https://manager.isilgo.com/courses/course-v1:ISILGO+234_IF+2023/course/;;;;;;;;;;;;;;;;;;;;;
Elaboración de Estados Financieros;course-v1:ISILGO+235_EEF+2023;https://manager.isilgo.com/courses/course-v1:ISILGO+235_EEF+2023/course/;;;;;;;;;;;;;;;;;;;;;
Photoshop: Diseño y colorización de personajes;course-v1:ISILGO+236_PDCP+2023;https://manager.isilgo.com/courses/course-v1:ISILGO+236_PDCP+2023/course/;;;;;;;;;;;;;;;;;;;;;
WordPress: Diseña y desarrolla páginas web desde cero;course-v1:ISILGO+237_WDDW+2023;https://manager.isilgo.com/courses/course-v1:ISILGO+237_WDDW+2023/course/;;;;;;;;;;;;;;;;;;;;;
Decoración para bodas;course-v1:ISILGO+238_DB+2023;https://manager.isilgo.com/courses/course-v1:ISILGO+238_DB+2023/course/;;;;;;;;;;;;;;;;;;;;;
Diseño de Personajes desde cero;course-v1:ISILGO+239_DPDC+2023;https://manager.isilgo.com/courses/course-v1:ISILGO+239_DPDC+2023/course/;;;;;;;;;;;;;;;;;;;;;
Startups y modelos de negocio;course-v1:ISILGO+23_SMN+2021;https://manager.isilgo.com/courses/course-v1:ISILGO+23_SMN+2021/course/;;;;;;;;;;;;;;;;;;;;;
Fundamentos de diseño para redes sociales;course-v1:ISILGO+240_FDRS+2023;https://manager.isilgo.com/courses/course-v1:ISILGO+240_FDRS+2023/course/;;;;;;;;;;;;;;;;;;;;;
Webcomics: Ilustraciones para Instagram;course-v1:ISILGO+241_WII+2023;https://manager.isilgo.com/courses/course-v1:ISILGO+241_WII+2023/course/;;;;;;;;;;;;;;;;;;;;;
Diseñador Web Freelance: Independiza tu talento;course-v1:ISILGO+242_DWFI+2023;https://manager.isilgo.com/courses/course-v1:ISILGO+242_DWFI+2023/course/;;;;;;;;;;;;;;;;;;;;;
Adobe Illustrator: Sé un experto en ilustración digital;course-v1:ISILGO+243_AID+2023;https://manager.isilgo.com/courses/course-v1:ISILGO+243_AID+2023/course/;;;;;;;;;;;;;;;;;;;;;
Domina Illustrator y la ilustración digital desde cero;course-v1:ISILGO+244_DIID+2023;https://manager.isilgo.com/courses/course-v1:ISILGO+244_DIID+2023/course/;;;;;;;;;;;;;;;;;;;;;
Adobe Illustrator CC: Ilustración y diseño de personajes vectoriales;course-v1:ISILGO+245_AIID+2023;https://manager.isilgo.com/courses/course-v1:ISILGO+245_AIID+2023/course/;;;;;;;;;;;;;;;;;;;;;
Illustrator Avanzado: Composición, teoría del color y acabados;course-v1:ISILGO+246_AICC+2023;https://manager.isilgo.com/courses/course-v1:ISILGO+246_AICC+2023/course/;;;;;;;;;;;;;;;;;;;;;
Introducción a Adobe Photoshop CC2020;course-v1:ISILGO+247_IAPC+2023;https://manager.isilgo.com/courses/course-v1:ISILGO+247_IAPC+2023/course/;;;;;;;;;;;;;;;;;;;;;
Fotomontaje Publicitario con Adobe Photoshop;course-v1:ISILGO+248_FPPA+2023;https://manager.isilgo.com/courses/course-v1:ISILGO+248_FPPA+2023/course/;;;;;;;;;;;;;;;;;;;;;
Crea animaciones para redes sociales;course-v1:ISILGO+249_CARN+2023;https://manager.isilgo.com/courses/course-v1:ISILGO+249_CARN+2023/course/;;;;;;;;;;;;;;;;;;;;;
Gestión de almacenes e inventarios;course-v1:ISILGO+24_GAI+2021;https://manager.isilgo.com/courses/course-v1:ISILGO+24_GAI+2021/course/;;;;;;;;;;;;;;;;;;;;;
Adobe InDesign: Diseña y diagrama desde cero;course-v1:ISILGO+250_AIDD+2023;https://manager.isilgo.com/courses/course-v1:ISILGO+250_AIDD+2023/course/;;;;;;;;;;;;;;;;;;;;;
Blender: Introducción al modelado 3D;course-v1:ISILGO+251_BIM+2023;https://manager.isilgo.com/courses/course-v1:ISILGO+251_BIM+2023/course/;;;;;;;;;;;;;;;;;;;;;
Modelado de personajes 3D en Maya;course-v1:ISILGO+252_MPD+2023;https://manager.isilgo.com/courses/course-v1:ISILGO+252_MPD+2023/course/;;;;;;;;;;;;;;;;;;;;;
Maquillaje FX: Caracterización y efectos especiales;course-v1:ISILGO+253_MFX+2023;https://manager.isilgo.com/courses/course-v1:ISILGO+253_MFX+2023/course/;;;;;;;;;;;;;;;;;;;;;
Crea un sitio web e-commerce con WordPress;course-v1:ISILGO+254_CECW+2023;https://manager.isilgo.com/courses/course-v1:ISILGO+254_CECW+2023/course/;;;;;;;;;;;;;;;;;;;;;
WordPress Avanzado: Personaliza tus plantillas;course-v1:ISILGO+255_WAP+2023;https://manager.isilgo.com/courses/course-v1:ISILGO+255_WAP+2023/course/;;;;;;;;;;;;;;;;;;;;;
Fundamentos de Adobe Illustrator CC2020;course-v1:ISILGO+256_FAI+2023;https://manager.isilgo.com/courses/course-v1:ISILGO+256_FAI+2023/course/;;;;;;;;;;;;;;;;;;;;;
Adobe Photoshop CC desde cero: Experto en diseño gráfico;course-v1:ISILGO+257_PDEG+2023;https://manager.isilgo.com/courses/course-v1:ISILGO+257_PDEG+2023/course/;;;;;;;;;;;;;;;;;;;;;
Decoración de interiores: Transforma tu hogar;course-v1:ISILGO+258_DITH+2023;https://manager.isilgo.com/courses/course-v1:ISILGO+258_DITH+2023/course/;;;;;;;;;;;;;;;;;;;;;
Photoshop para Fotógrafos;course-v1:ISILGO+259_PPF+2023;https://manager.isilgo.com/courses/course-v1:ISILGO+259_PPF+2023/course/;;;;;;;;;;;;;;;;;;;;;
Sostenibilidad corporativa;course-v1:ISILGO+25_SC+2021;https://manager.isilgo.com/courses/course-v1:ISILGO+25_SC+2021/course/;;;;;;;;;;;;;;;;;;;;;
Photoshop: Dibujo avanzado con pinceles y retrato;course-v1:ISILGO+260_PDA+2023;https://manager.isilgo.com/courses/course-v1:ISILGO+260_PDA+2023/course/;;;;;;;;;;;;;;;;;;;;;
Producción de videos con smartphone;course-v1:ISILGO+261_PVCE+2023;https://manager.isilgo.com/courses/course-v1:ISILGO+261_PVCE+2023/course/;;;;;;;;;;;;;;;;;;;;;
Fotomontaje y Post Producción Digital;course-v1:ISILGO+262_PPDR+2023;https://manager.isilgo.com/courses/course-v1:ISILGO+262_PPDR+2023/course/;;;;;;;;;;;;;;;;;;;;;
Diseño y Animación de personajes en Adobe Animate y After Effects;course-v1:ISILGO+263_PVS+2023;https://manager.isilgo.com/courses/course-v1:ISILGO+263_PVS+2023/course/;;;;;;;;;;;;;;;;;;;;;
Fotografía de retratos Fine Art;course-v1:ISILGO+264_PVPD+2023;https://manager.isilgo.com/courses/course-v1:ISILGO+264_PVPD+2023/course/;;;;;;;;;;;;;;;;;;;;;
Fotografía desde cero: Viaja y captura el mundo;course-v1:ISILGO+265_PEVE+2023;https://manager.isilgo.com/courses/course-v1:ISILGO+265_PEVE+2023/course/;;;;;;;;;;;;;;;;;;;;;
Fotografía de producto y técnicas de iluminación;course-v1:ISILGO+266_FMPP+2023;https://manager.isilgo.com/courses/course-v1:ISILGO+266_FMPP+2023/course/;;;;;;;;;;;;;;;;;;;;;
Fotografía de retratos infantiles;course-v1:ISILGO+267_FPIS+2023;https://manager.isilgo.com/courses/course-v1:ISILGO+267_FPIS+2023/course/;;;;;;;;;;;;;;;;;;;;;
Fotografía profesional Infantil;course-v1:ISILGO+268_FCAM+2023;https://manager.isilgo.com/courses/course-v1:ISILGO+268_FCAM+2023/course/;;;;;;;;;;;;;;;;;;;;;
Fotografía de retratos;course-v1:ISILGO+269_PDIB+2023;https://manager.isilgo.com/courses/course-v1:ISILGO+269_PDIB+2023/course/;;;;;;;;;;;;;;;;;;;;;
Gestión de operaciones y producción;course-v1:ISILGO+26_GOP+2021;https://manager.isilgo.com/courses/course-v1:ISILGO+26_GOP+2021/course/;;;;;;;;;;;;;;;;;;;;;
Maquillaje profesional para sesiones fotográficas;course-v1:ISILGO+270_FMNE+2023;https://manager.isilgo.com/courses/course-v1:ISILGO+270_FMNE+2023/course/;;;;;;;;;;;;;;;;;;;;;
Fotografía para tu emprendimiento;course-v1:ISILGO+271_EPNF+2023;https://manager.isilgo.com/courses/course-v1:ISILGO+271_EPNF+2023/course/;;;;;;;;;;;;;;;;;;;;;
Fotografía con smartphone;course-v1:ISILGO+272_FPEH+2023;https://manager.isilgo.com/courses/course-v1:ISILGO+272_FPEH+2023/course/;;;;;;;;;;;;;;;;;;;;;
Fotografía para E-Commerce;course-v1:ISILGO+273_PFPI+2023;https://manager.isilgo.com/courses/course-v1:ISILGO+273_PFPI+2023/course/;;;;;;;;;;;;;;;;;;;;;
Fotografía profesional de recién nacidos;course-v1:ISILGO+274_FEP+2023;https://manager.isilgo.com/courses/course-v1:ISILGO+274_FEP+2023/course/;;;;;;;;;;;;;;;;;;;;;
Emprende tu primer negocio de Fotografía;course-v1:ISILGO+275_EVY+2023;https://manager.isilgo.com/courses/course-v1:ISILGO+275_EVY+2023/course/;;;;;;;;;;;;;;;;;;;;;
Fotografía de belleza y high end retouch;course-v1:ISILGO+276_AEDR+2023;https://manager.isilgo.com/courses/course-v1:ISILGO+276_AEDR+2023/course/;;;;;;;;;;;;;;;;;;;;;
Fotografía profesional para Instagram;course-v1:ISILGO+277_IEDV+2023;https://manager.isilgo.com/courses/course-v1:ISILGO+277_IEDV+2023/course/;;;;;;;;;;;;;;;;;;;;;
Dirección de Fotografía Avanzada para Cine;course-v1:ISILGO+278_PV+2023;https://manager.isilgo.com/courses/course-v1:ISILGO+278_PV+2023/course/;;;;;;;;;;;;;;;;;;;;;
Fotografía profesional de perros;course-v1:ISILGO+279_PRDD+2023;https://manager.isilgo.com/courses/course-v1:ISILGO+279_PRDD+2023/course/;;;;;;;;;;;;;;;;;;;;;
Gestión de transporte;course-v1:ISILGO+27_GT+2021;https://manager.isilgo.com/courses/course-v1:ISILGO+27_GT+2021/course/;;;;;;;;;;;;;;;;;;;;;
Edita videos al estilo YouTube;course-v1:ISILGO+280_FEG+2023;https://manager.isilgo.com/courses/course-v1:ISILGO+280_FEG+2023/course/;;;;;;;;;;;;;;;;;;;;;
After Effects: Diseño y Animación para redes sociales;course-v1:ISILGO+281_IDFP+2023;https://manager.isilgo.com/courses/course-v1:ISILGO+281_IDFP+2023/course/;;;;;;;;;;;;;;;;;;;;;
Introducción a la edición de video;course-v1:ISILGO+282_FPB+2023;https://manager.isilgo.com/courses/course-v1:ISILGO+282_FPB+2023/course/;;;;;;;;;;;;;;;;;;;;;
Producción y retoque de retratos dramáticos;course-v1:ISILGO+283_ALR+2023;https://manager.isilgo.com/courses/course-v1:ISILGO+283_ALR+2023/course/;;;;;;;;;;;;;;;;;;;;;
Fotografía Editorial Gastronómica;course-v1:ISILGO+284_PVPE+2023;https://manager.isilgo.com/courses/course-v1:ISILGO+284_PVPE+2023/course/;;;;;;;;;;;;;;;;;;;;;
Introducción a la dirección de fotografía;course-v1:ISILGO+285_IDFN+2023;https://manager.isilgo.com/courses/course-v1:ISILGO+285_IDFN+2023/course/;;;;;;;;;;;;;;;;;;;;;
Fotografía profesional de Bodas;course-v1:ISILGO+286_FPP+2023;https://manager.isilgo.com/courses/course-v1:ISILGO+286_FPP+2023/course/;;;;;;;;;;;;;;;;;;;;;
Adobe Lightroom: Conviértete en un experto en retoque;course-v1:ISILGO+287_FEM+2023;https://manager.isilgo.com/courses/course-v1:ISILGO+287_FEM+2023/course/;;;;;;;;;;;;;;;;;;;;;
Producción de video para eventos;course-v1:ISILGO+288_FN+2023;https://manager.isilgo.com/courses/course-v1:ISILGO+288_FN+2023/course/;;;;;;;;;;;;;;;;;;;;;
Fotografía de naturaleza;course-v1:ISILGO+289_FPAD+2023;https://manager.isilgo.com/courses/course-v1:ISILGO+289_FPAD+2023/course/;;;;;;;;;;;;;;;;;;;;;
UX - Experiencia de usuario;course-v1:ISILGO+28_EU+2021;https://manager.isilgo.com/courses/course-v1:ISILGO+28_EU+2021/course/;;;;;;;;;;;;;;;;;;;;;
Fotografía de retratos pictóricos;course-v1:ISILGO+290_FPM+2023;https://manager.isilgo.com/courses/course-v1:ISILGO+290_FPM+2023/course/;;;;;;;;;;;;;;;;;;;;;
Fotografía editorial de moda;course-v1:ISILGO+291_MCPM+2023;https://manager.isilgo.com/courses/course-v1:ISILGO+291_MCPM+2023/course/;;;;;;;;;;;;;;;;;;;;;
Fotografía narrativa;course-v1:ISILGO+292_NP+2023;https://manager.isilgo.com/courses/course-v1:ISILGO+292_NP+2023/course/;;;;;;;;;;;;;;;;;;;;;
Fotografía para proyectos artísticos y documentales;course-v1:ISILGO+293_EC+2023;https://manager.isilgo.com/courses/course-v1:ISILGO+293_EC+2023/course/;;;;;;;;;;;;;;;;;;;;;
Fotografía profesional de maternidad;course-v1:ISILGO+294_CA+2023;https://manager.isilgo.com/courses/course-v1:ISILGO+294_CA+2023/course/;;;;;;;;;;;;;;;;;;;;;
Maquillaje creativo para moda;course-v1:ISILGO+295_HIC+2023;https://manager.isilgo.com/courses/course-v1:ISILGO+295_HIC+2023/course/;;;;;;;;;;;;;;;;;;;;;
Notion para la productividad;course-v1:ISILGO+296_CEAP+2023;https://manager.isilgo.com/courses/course-v1:ISILGO+296_CEAP+2023/course/;;;;;;;;;;;;;;;;;;;;;
Entrevistas por competencias;course-v1:ISILGO+297_CL+2023;https://manager.isilgo.com/courses/course-v1:ISILGO+297_CL+2023/course/;;;;;;;;;;;;;;;;;;;;;
Cultura de trabajo remoto: Nuevas y buenas prácticas;course-v1:ISILGO+298_FKM+2023;https://manager.isilgo.com/courses/course-v1:ISILGO+298_FKM+2023/course/;;;;;;;;;;;;;;;;;;;;;
Comunicación Asertiva;course-v1:ISILGO+299_LCMN+2023;https://manager.isilgo.com/courses/course-v1:ISILGO+299_LCMN+2023/course/;;;;;;;;;;;;;;;;;;;;;
Gestión de Compras Retail;course-v1:ISILGO+29_GCR+2021;https://manager.isilgo.com/courses/course-v1:ISILGO+29_GCR+2021/course/;;;;;;;;;;;;;;;;;;;;;
Habilidades de comunicación interpersonal;course-v1:ISILGO+300_PEPC+2023;https://manager.isilgo.com/courses/course-v1:ISILGO+300_PEPC+2023/course/;;;;;;;;;;;;;;;;;;;;;
Comunicación Efectiva: Aprende a hablar en público;course-v1:ISILGO+301_CIRV+2023;https://manager.isilgo.com/courses/course-v1:ISILGO+301_CIRV+2023/course/;;;;;;;;;;;;;;;;;;;;;
Cultura de liderazgo;course-v1:ISILGO+302_FAII+2023;https://manager.isilgo.com/courses/course-v1:ISILGO+302_FAII+2023/course/;;;;;;;;;;;;;;;;;;;;;
Fundamentos del método Kanban;course-v1:ISILGO+303_FIAI+2023;https://manager.isilgo.com/courses/course-v1:ISILGO+303_FIAI+2023/course/;;;;;;;;;;;;;;;;;;;;;
Lean Canvas: Materializa tu idea de negocio;course-v1:ISILGO+304_STPA+2023;https://manager.isilgo.com/courses/course-v1:ISILGO+304_STPA+2023/course/;;;;;;;;;;;;;;;;;;;;;
Prepara tu ecommerce para campañas de alto impacto;course-v1:ISILGO+305_SECG+2023;https://manager.isilgo.com/courses/course-v1:ISILGO+305_SECG+2023/course/;;;;;;;;;;;;;;;;;;;;;
Conviértete en Influencer: Vive de las redes sociales;course-v1:ISILGO+306_SEOG+2023;https://manager.isilgo.com/courses/course-v1:ISILGO+306_SEOG+2023/course/;;;;;;;;;;;;;;;;;;;;;
Facebook e Instagram Ads Introductorio;course-v1:ISILGO+307_BMF+2023;https://manager.isilgo.com/courses/course-v1:ISILGO+307_BMF+2023/course/;;;;;;;;;;;;;;;;;;;;;
Facebook e Instagram Ads Intermedio;course-v1:ISILGO+308_IYA+2023;https://manager.isilgo.com/courses/course-v1:ISILGO+308_IYA+2023/course/;;;;;;;;;;;;;;;;;;;;;
SEO técnico: Posicionamiento avanzado;course-v1:ISILGO+309_MIGE+2023;https://manager.isilgo.com/courses/course-v1:ISILGO+309_MIGE+2023/course/;;;;;;;;;;;;;;;;;;;;;
Branding Corporativo;course-v1:ISILGO+30_BC+2021;https://manager.isilgo.com/courses/course-v1:ISILGO+30_BC+2021/course/;;;;;;;;;;;;;;;;;;;;;
SEO desde cero: posiciona en Google;course-v1:ISILGO+310_RSCE+2023;https://manager.isilgo.com/courses/course-v1:ISILGO+310_RSCE+2023/course/;;;;;;;;;;;;;;;;;;;;;
SEO para negocios locales en Google;course-v1:ISILGO+311_TPCC+2023;https://manager.isilgo.com/courses/course-v1:ISILGO+311_TPCC+2023/course/;;;;;;;;;;;;;;;;;;;;;
Business Manager de Facebook;course-v1:ISILGO+312_GMEC+2023;https://manager.isilgo.com/courses/course-v1:ISILGO+312_GMEC+2023/course/;;;;;;;;;;;;;;;;;;;;;
Introducción a YouTube Ads;course-v1:ISILGO+313_QMEC+2023;https://manager.isilgo.com/courses/course-v1:ISILGO+313_QMEC+2023/course/;;;;;;;;;;;;;;;;;;;;;
Marketing con Influencers: Gestiona campañas efectivas;course-v1:ISILGO+314_CRRS+2023;https://manager.isilgo.com/courses/course-v1:ISILGO+314_CRRS+2023/course/;;;;;;;;;;;;;;;;;;;;;
Redes sociales desde cero: Logra el éxito digital;course-v1:ISILGO+315_CYPE+2023;https://manager.isilgo.com/courses/course-v1:ISILGO+315_CYPE+2023/course/;;;;;;;;;;;;;;;;;;;;;
TikTok para creadores de contenido;course-v1:ISILGO+316_ABTF+2023;https://manager.isilgo.com/courses/course-v1:ISILGO+316_ABTF+2023/course/;;;;;;;;;;;;;;;;;;;;;
Gestión de marca para emprendimientos nuevos y no tan nuevos;course-v1:ISILGO+317_FAA+2023;https://manager.isilgo.com/courses/course-v1:ISILGO+317_FAA+2023/course/;;;;;;;;;;;;;;;;;;;;;
¿Qué medir en mi e-commerce con Google Analytics?;course-v1:ISILGO+318_MYPS+2023;https://manager.isilgo.com/courses/course-v1:ISILGO+318_MYPS+2023/course/;;;;;;;;;;;;;;;;;;;;;
Copywriting en redes sociales: Redacción que convierte;course-v1:ISILGO+319_MPPP+2023;https://manager.isilgo.com/courses/course-v1:ISILGO+319_MPPP+2023/course/;;;;;;;;;;;;;;;;;;;;;
Dirección de equipos de ventas;course-v1:ISILGO+31_DEV+2021;https://manager.isilgo.com/courses/course-v1:ISILGO+31_DEV+2021/course/;;;;;;;;;;;;;;;;;;;;;
Canales y plataformas para tu primer e-commerce;course-v1:ISILGO+320_EIE+2023;https://manager.isilgo.com/courses/course-v1:ISILGO+320_EIE+2023/course/;;;;;;;;;;;;;;;;;;;;;
A/B Testing en Facebook Ads;course-v1:ISILGO+321_EBTD+2023;https://manager.isilgo.com/courses/course-v1:ISILGO+321_EBTD+2023/course/;;;;;;;;;;;;;;;;;;;;;
Facebook Ads avanzado;course-v1:ISILGO+322_MI+2023;https://manager.isilgo.com/courses/course-v1:ISILGO+322_MI+2023/course/;;;;;;;;;;;;;;;;;;;;;
Monetiza tu proyecto web con SEO;course-v1:ISILGO+323_TD+2023;https://manager.isilgo.com/courses/course-v1:ISILGO+323_TD+2023/course/;;;;;;;;;;;;;;;;;;;;;
Microsoft Power Point, de principiante a experto 2020;course-v1:ISILGO+324_EPE+2023;https://manager.isilgo.com/courses/course-v1:ISILGO+324_EPE+2023/course/;;;;;;;;;;;;;;;;;;;;;
Excel avanzado para expertos;course-v1:ISILGO+325_MWP+2023;https://manager.isilgo.com/courses/course-v1:ISILGO+325_MWP+2023/course/;;;;;;;;;;;;;;;;;;;;;
Excel intermedio;course-v1:ISILGO+326_ADCT+2023;https://manager.isilgo.com/courses/course-v1:ISILGO+326_ADCT+2023/course/;;;;;;;;;;;;;;;;;;;;;
Excel - Tablas Dinámicas;course-v1:ISILGO+327_IPBI+2023;https://manager.isilgo.com/courses/course-v1:ISILGO+327_IPBI+2023/course/;;;;;;;;;;;;;;;;;;;;;
Ejercicios prácticos de excel;course-v1:ISILGO+328_PBTD+2023;https://manager.isilgo.com/courses/course-v1:ISILGO+328_PBTD+2023/course/;;;;;;;;;;;;;;;;;;;;;
Microsoft Word de principiante a experto 2020;course-v1:ISILGO+329_MOTR+2023;https://manager.isilgo.com/courses/course-v1:ISILGO+329_MOTR+2023/course/;;;;;;;;;;;;;;;;;;;;;
Gestión estratégica de clima y cultura;course-v1:ISILGO+32_GECC+2021;https://manager.isilgo.com/courses/course-v1:ISILGO+32_GECC+2021/course/;;;;;;;;;;;;;;;;;;;;;
Análisis de data con Tableau;course-v1:ISILGO+330_EBI+2023;https://manager.isilgo.com/courses/course-v1:ISILGO+330_EBI+2023/course/;;;;;;;;;;;;;;;;;;;;;
Introducción a Power BI;course-v1:ISILGO+331_PQPP+2023;https://manager.isilgo.com/courses/course-v1:ISILGO+331_PQPP+2023/course/;;;;;;;;;;;;;;;;;;;;;
Power BI para la toma de decisiones;course-v1:ISILGO+332_MO+2023;https://manager.isilgo.com/courses/course-v1:ISILGO+332_MO+2023/course/;;;;;;;;;;;;;;;;;;;;;
Microsoft Teams desde cero a profesional 2023;course-v1:ISILGO+333_MTRS+2023;https://manager.isilgo.com/courses/course-v1:ISILGO+333_MTRS+2023/course/;;;;;;;;;;;;;;;;;;;;;
Microsoft OneDrive para trabajo remoto 2023;course-v1:ISILGO+334_APRT+2023;https://manager.isilgo.com/courses/course-v1:ISILGO+334_APRT+2023/course/;;;;;;;;;;;;;;;;;;;;;
Excel para Business Intelligence;course-v1:ISILGO+335_IP+2023;https://manager.isilgo.com/courses/course-v1:ISILGO+335_IP+2023/course/;;;;;;;;;;;;;;;;;;;;;
Power Query y Power Pivot;course-v1:ISILGO+336_TCDC+2023;https://manager.isilgo.com/courses/course-v1:ISILGO+336_TCDC+2023/course/;;;;;;;;;;;;;;;;;;;;;
Microsoft Outlook desde cero;course-v1:ISILGO+337_FDD+2023;https://manager.isilgo.com/courses/course-v1:ISILGO+337_FDD+2023/course/;;;;;;;;;;;;;;;;;;;;;
Excel básico para principiantes;course-v1:ISILGO+338_JS+2023;https://manager.isilgo.com/courses/course-v1:ISILGO+338_JS+2023/course/;;;;;;;;;;;;;;;;;;;;;
Creatividad, publicidad y redes sociales;course-v1:ISILGO+339_MSJD+2023;https://manager.isilgo.com/courses/course-v1:ISILGO+339_MSJD+2023/course/;;;;;;;;;;;;;;;;;;;;;
Liderazgo y gestión de equipos remotos;course-v1:ISILGO+33_LGER+2021;https://manager.isilgo.com/courses/course-v1:ISILGO+33_LGER+2021/course/;;;;;;;;;;;;;;;;;;;;;
Adobe Premiere: Técnicas y montaje de publicidad;course-v1:ISILGO+340_SQLP+2023;https://manager.isilgo.com/courses/course-v1:ISILGO+340_SQLP+2023/course/;;;;;;;;;;;;;;;;;;;;;
Fotomontaje para campañas publicitarias;course-v1:ISILGO+341_JI+2023;https://manager.isilgo.com/courses/course-v1:ISILGO+341_JI+2023/course/;;;;;;;;;;;;;;;;;;;;;
Introducción a Python para ciencia de datos;course-v1:ISILGO+342_CAAD+2023;https://manager.isilgo.com/courses/course-v1:ISILGO+342_CAAD+2023/course/;;;;;;;;;;;;;;;;;;;;;
Introducción al Desarrollo Web front end: HTML y CSS desde cero;course-v1:ISILGO+343_CBD+2023;https://manager.isilgo.com/courses/course-v1:ISILGO+343_CBD+2023/course/;;;;;;;;;;;;;;;;;;;;;
Fundamentos de JavaScript;course-v1:ISILGO+344_CID+2023;https://manager.isilgo.com/courses/course-v1:ISILGO+344_CID+2023/course/;;;;;;;;;;;;;;;;;;;;;
Maquetación de sitios web dinámicos con Javascript y jQuery desde cero;course-v1:ISILGO+345_GEIF+2023;https://manager.isilgo.com/courses/course-v1:ISILGO+345_GEIF+2023/course/;;;;;;;;;;;;;;;;;;;;;
SQL Para Principiantes;course-v1:ISILGO+346_DPA+2023;https://manager.isilgo.com/courses/course-v1:ISILGO+346_DPA+2023/course/;;;;;;;;;;;;;;;;;;;;;
JavaScript Intermedio;course-v1:ISILGO+347_PI+2023;https://manager.isilgo.com/courses/course-v1:ISILGO+347_PI+2023/course/;;;;;;;;;;;;;;;;;;;;;
Creando APIs con Django - Nivel Avanzado;course-v1:ISILGO+348_HBJD+2023;https://manager.isilgo.com/courses/course-v1:ISILGO+348_HBJD+2023/course/;;;;;;;;;;;;;;;;;;;;;
Curso Básico de Django;course-v1:ISILGO+349_SQLD+2023;https://manager.isilgo.com/courses/course-v1:ISILGO+349_SQLD+2023/course/;;;;;;;;;;;;;;;;;;;;;
Marketing relacional y CRM;course-v1:ISILGO+34_MRYCMR+2021;https://manager.isilgo.com/courses/course-v1:ISILGO+34_MRYCMR+2021/course/;;;;;;;;;;;;;;;;;;;;;
Curso Intermedio de Django;course-v1:ISILGO+350_SPCP+2023;https://manager.isilgo.com/courses/course-v1:ISILGO+350_SPCP+2023/course/;;;;;;;;;;;;;;;;;;;;;
Django Avanzado: Funciones extra e integraciones;course-v1:ISILGO+351_DAF+2023;https://manager.isilgo.com/courses/course-v1:ISILGO+351_DAF+2023/course/;;;;;;;;;;;;;;;;;;;;;
Git y GitHub: Control de versiones en Proyectos Web;course-v1:ISILGO+352_IPFD+2023;https://manager.isilgo.com/courses/course-v1:ISILGO+352_IPFD+2023/course/;;;;;;;;;;;;;;;;;;;;;
Desarrollo en Python Avanzado;course-v1:ISILGO+353_IDWF+2023;https://manager.isilgo.com/courses/course-v1:ISILGO+353_IDWF+2023/course/;;;;;;;;;;;;;;;;;;;;;
Python Intermedio;course-v1:ISILGO+354_FJ+2023;https://manager.isilgo.com/courses/course-v1:ISILGO+354_FJ+2023/course/;;;;;;;;;;;;;;;;;;;;;
HTML: Bootstrap 5 desde cero;course-v1:ISILGO+355_MDSW+2023;https://manager.isilgo.com/courses/course-v1:ISILGO+355_MDSW+2023/course/;;;;;;;;;;;;;;;;;;;;;
SQL: Desarrollo y gestión de bases de datos;course-v1:ISILGO+356_SQPD+2023;https://manager.isilgo.com/courses/course-v1:ISILGO+356_SQPD+2023/course/;;;;;;;;;;;;;;;;;;;;;
Skincare: Rutinas de cuidado para tu piel;course-v1:ISILGO+357_SKIN+2023;https://manager.isilgo.com/courses/course-v1:ISILGO+357_SKIN+2023/course/;;;;;;;;;;;;;;;;;;;;;
Introducción al Yoga;course-v1:ISILGO+358_IY+2023;https://manager.isilgo.com/courses/course-v1:ISILGO+358_IY+2023/course/;;;;;;;;;;;;;;;;;;;;;
Coaching Ejecutivo;course-v1:ISILGO+35_CE+2021;https://manager.isilgo.com/courses/course-v1:ISILGO+35_CE+2021/course/;;;;;;;;;;;;;;;;;;;;;
Formulación y evaluación de proyectos;course-v1:ISILGO+36_FEP+2021;https://manager.isilgo.com/courses/course-v1:ISILGO+36_FEP+2021/course/;;;;;;;;;;;;;;;;;;;;;
Emprendimientos y gestión de negocios familiares;course-v1:ISILGO+37_EGNF+2021;https://manager.isilgo.com/courses/course-v1:ISILGO+37_EGNF+2021/course/;;;;;;;;;;;;;;;;;;;;;
Escritura de guion y storytelling;course-v1:ISILGO+38_EGS+2021;https://manager.isilgo.com/courses/course-v1:ISILGO+38_EGS+2021/course/;;;;;;;;;;;;;;;;;;;;;
Diseño de vitrinas y escaparatismo;course-v1:ISILGO+39_DVE+2021;https://manager.isilgo.com/courses/course-v1:ISILGO+39_DVE+2021/course/;;;;;;;;;;;;;;;;;;;;;
Dirección de supply chain management;course-v1:ISILGO+40_DSCM+2021;https://manager.isilgo.com/courses/course-v1:ISILGO+40_DSCM+2021/course/;;;;;;;;;;;;;;;;;;;;;
Growth hacking marketing;course-v1:ISILGO+41_GHM+2021;https://manager.isilgo.com/courses/course-v1:ISILGO+41_GHM+2021/course/;;;;;;;;;;;;;;;;;;;;;
Contabilidad para no contadores;course-v1:ISILGO+42_CPNC+2021;https://manager.isilgo.com/courses/course-v1:ISILGO+42_CPNC+2021/course/;;;;;;;;;;;;;;;;;;;;;
Lettering;course-v1:ISILGO+43_L+2021;https://manager.isilgo.com/courses/course-v1:ISILGO+43_L+2021/course/;;;;;;;;;;;;;;;;;;;;;
Scrum;course-v1:ISILGO+44_S+2021;https://manager.isilgo.com/courses/course-v1:ISILGO+44_S+2021/course/;;;;;;;;;;;;;;;;;;;;;
Innovación para no especialistas;course-v1:ISILGO+45_IPNE+2021;https://manager.isilgo.com/courses/course-v1:ISILGO+45_IPNE+2021/course/;;;;;;;;;;;;;;;;;;;;;
Mindfulness y bienestar;course-v1:ISILGO+46_MB+2021;https://manager.isilgo.com/courses/course-v1:ISILGO+46_MB+2021/course/;;;;;;;;;;;;;;;;;;;;;
Design Thinking;course-v1:ISILGO+47_DT+2021;https://manager.isilgo.com/courses/course-v1:ISILGO+47_DT+2021/course/;;;;;;;;;;;;;;;;;;;;;
Planeamiento y control financiero;course-v1:ISILGO+48_PCF+2021;https://manager.isilgo.com/courses/course-v1:ISILGO+48_PCF+2021/course/;;;;;;;;;;;;;;;;;;;;;
Gobierno Corporativo;course-v1:ISILGO+49_GC+2021;https://manager.isilgo.com/courses/course-v1:ISILGO+49_GC+2021/course/;;;;;;;;;;;;;;;;;;;;;
Marketing de contenidos;course-v1:ISILGO+50_MC+2021;https://manager.isilgo.com/courses/course-v1:ISILGO+50_MC+2021/course/;;;;;;;;;;;;;;;;;;;;;
Resolución de conflictos;course-v1:ISILGO+51_RC+2021;https://manager.isilgo.com/courses/course-v1:ISILGO+51_RC+2021/course/;;;;;;;;;;;;;;;;;;;;;
Community Manager;course-v1:ISILGO+52_CM+2021;https://manager.isilgo.com/courses/course-v1:ISILGO+52_CM+2021/course/;;;;;;;;;;;;;;;;;;;;;
Inbound marketing;course-v1:ISILGO+53_IM+2021;https://manager.isilgo.com/courses/course-v1:ISILGO+53_IM+2021/course/;;;;;;;;;;;;;;;;;;;;;
Filmación y storytelling;course-v1:ISILGO+54_FS+2021;https://manager.isilgo.com/courses/course-v1:ISILGO+54_FS+2021/course/;;;;;;;;;;;;;;;;;;;;;
Gestión de riesgos - Risk Management;course-v1:ISILGO+55_GRRM+2021;https://manager.isilgo.com/courses/course-v1:ISILGO+55_GRRM+2021/course/;;;;;;;;;;;;;;;;;;;;;
Diseño de puestos de trabajo;course-v1:ISILGO+56_DPT+2021;https://manager.isilgo.com/courses/course-v1:ISILGO+56_DPT+2021/course/;;;;;;;;;;;;;;;;;;;;;
Mobile Marketing;course-v1:ISILGO+57_MM+2021;https://manager.isilgo.com/courses/course-v1:ISILGO+57_MM+2021/course/;;;;;;;;;;;;;;;;;;;;;
Comunicación interna y endomarketing;course-v1:ISILGO+58_CIE+2021;https://manager.isilgo.com/courses/course-v1:ISILGO+58_CIE+2021/course/;;;;;;;;;;;;;;;;;;;;;
Contabilidad y finanzas para emprendedores;course-v1:ISILGO+59_CFE+2021;https://manager.isilgo.com/courses/course-v1:ISILGO+59_CFE+2021/course/;;;;;;;;;;;;;;;;;;;;;
Seguridad y salud ocupacional;course-v1:ISILGO+60_SSO+2021;https://manager.isilgo.com/courses/course-v1:ISILGO+60_SSO+2021/course/;;;;;;;;;;;;;;;;;;;;;
Email Marketing;course-v1:ISILGO+61_EM+2021;https://manager.isilgo.com/courses/course-v1:ISILGO+61_EM+2021/course/;;;;;;;;;;;;;;;;;;;;;
Service Design;course-v1:ISILGO+62_SD+2021;https://manager.isilgo.com/courses/course-v1:ISILGO+62_SD+2021/course/;;;;;;;;;;;;;;;;;;;;;
Marca empleadora - Employee Experience;course-v1:ISILGO+63_MEEE+2021;https://manager.isilgo.com/courses/course-v1:ISILGO+63_MEEE+2021/course/;;;;;;;;;;;;;;;;;;;;;
Consumer Insights;course-v1:ISILGO+64_CI+2021;https://manager.isilgo.com/courses/course-v1:ISILGO+64_CI+2021/course/;;;;;;;;;;;;;;;;;;;;;
Análisis y Gestión Tributaria;course-v1:ISILGO+65_AGT+2021;https://manager.isilgo.com/courses/course-v1:ISILGO+65_AGT+2021/course/;;;;;;;;;;;;;;;;;;;;;
Key Account Manager;course-v1:ISILGO+66_KAM+2021;https://manager.isilgo.com/courses/course-v1:ISILGO+66_KAM+2021/course/;;;;;;;;;;;;;;;;;;;;;
Legislación Laboral y Gestión de Compensaciones;course-v1:ISILGO+67_LLGC+2021;https://manager.isilgo.com/courses/course-v1:ISILGO+67_LLGC+2021/course/;;;;;;;;;;;;;;;;;;;;;
Indicadores de Gestión del Talento Humano;course-v1:ISILGO+68_IGTH+2021;https://manager.isilgo.com/courses/course-v1:ISILGO+68_IGTH+2021/course/;;;;;;;;;;;;;;;;;;;;;
Trade Marketing;course-v1:ISILGO+69_TM+2021;https://manager.isilgo.com/courses/course-v1:ISILGO+69_TM+2021/course/;;;;;;;;;;;;;;;;;;;;;
Retail y Category Management;course-v1:ISILGO+70_RCM+2021;https://manager.isilgo.com/courses/course-v1:ISILGO+70_RCM+2021/course/;;;;;;;;;;;;;;;;;;;;;
Nutrición Deportiva;course-v1:ISILGO+71_ND+2021;https://manager.isilgo.com/courses/course-v1:ISILGO+71_ND+2021/course/;;;;;;;;;;;;;;;;;;;;;
Plan de Marketing y Estrategia Digital;course-v1:ISILGO+72_PMED+2021;https://manager.isilgo.com/courses/course-v1:ISILGO+72_PMED+2021/course/;;;;;;;;;;;;;;;;;;;;;
Analítica Digital;course-v1:ISILGO+73_AD+2021;https://manager.isilgo.com/courses/course-v1:ISILGO+73_AD+2021/course/;;;;;;;;;;;;;;;;;;;;;
Diseño de E-commerce y Medios de Pago;course-v1:ISILGO+74_DEMP+2021;https://manager.isilgo.com/courses/course-v1:ISILGO+74_DEMP+2021/course/;;;;;;;;;;;;;;;;;;;;;
Portafolio y Branding Personal;course-v1:ISILGO+75_PBP+2021;https://manager.isilgo.com/courses/course-v1:ISILGO+75_PBP+2021/course/;;;;;;;;;;;;;;;;;;;;;
Visual Merchandising;course-v1:ISILGO+76_VM+2021;https://manager.isilgo.com/courses/course-v1:ISILGO+76_VM+2021/course/;;;;;;;;;;;;;;;;;;;;;
Transformación Digital en las Empresas;course-v1:ISILGO+77_TDE+2021;https://manager.isilgo.com/courses/course-v1:ISILGO+77_TDE+2021/course/;;;;;;;;;;;;;;;;;;;;;
Análisis Financiero para la Toma de Decisiones;course-v1:ISILGO+78_AFTD+2021;https://manager.isilgo.com/courses/course-v1:ISILGO+78_AFTD+2021/course/;;;;;;;;;;;;;;;;;;;;;
Health Coach;course-v1:ISILGO+79_HC+2021;https://manager.isilgo.com/courses/course-v1:ISILGO+79_HC+2021/course/;;;;;;;;;;;;;;;;;;;;;
Publicidad Programática en Medios Digitales;course-v1:ISILGO+80_PPMD+2021;https://manager.isilgo.com/courses/course-v1:ISILGO+80_PPMD+2021/course/;;;;;;;;;;;;;;;;;;;;;
Prospección y Gestión de Cartera de Clientes;course-v1:ISILGO+81_PGCC+2021;https://manager.isilgo.com/courses/course-v1:ISILGO+81_PGCC+2021/course/;;;;;;;;;;;;;;;;;;;;;
Outplacement y Reinserción Laboral;course-v1:ISILGO+82_ORL+2021;https://manager.isilgo.com/courses/course-v1:ISILGO+82_ORL+2021/course/;;;;;;;;;;;;;;;;;;;;;
Marca Personal en LinkedIn;course-v1:ISILGO+83_MPL+2021;https://manager.isilgo.com/courses/course-v1:ISILGO+83_MPL+2021/course/;;;;;;;;;;;;;;;;;;;;;
Análisis y Presentación de Datos con Power BI;course-v1:ISILGO+84_APDPB+2021;https://manager.isilgo.com/courses/course-v1:ISILGO+84_APDPB+2021/course/;;;;;;;;;;;;;;;;;;;;;
Gestión y Evaluación de Desempeño;course-v1:ISILGO+85_GED+2021;https://manager.isilgo.com/courses/course-v1:ISILGO+85_GED+2021/course/;;;;;;;;;;;;;;;;;;;;;
Diseño de Presentaciones Efectivas;course-v1:ISILGO+86_DPE+2021;https://manager.isilgo.com/courses/course-v1:ISILGO+86_DPE+2021/course/;;;;;;;;;;;;;;;;;;;;;
Desarrollo del Talento;course-v1:ISILGO+87_DT+2021;https://manager.isilgo.com/courses/course-v1:ISILGO+87_DT+2021/course/;;;;;;;;;;;;;;;;;;;;;
Diseño y Estrategia del Packaging;course-v1:ISILGO+88_DEP+2021;https://manager.isilgo.com/courses/course-v1:ISILGO+88_DEP+2021/course/;;;;;;;;;;;;;;;;;;;;;
Inteligencia Artificial para los Negocios;course-v1:ISILGO+89_IAPN+2021;https://manager.isilgo.com/courses/course-v1:ISILGO+89_IAPN+2021/course/;;;;;;;;;;;;;;;;;;;;;
Herramientas para el Home Office Productivo;course-v1:ISILGO+90_HHOP+2021;https://manager.isilgo.com/courses/course-v1:ISILGO+90_HHOP+2021/course/;;;;;;;;;;;;;;;;;;;;;
Ethical Hacking y Ciberseguridad;course-v1:ISILGO+91_EHC+2021;https://manager.isilgo.com/courses/course-v1:ISILGO+91_EHC+2021/course/;;;;;;;;;;;;;;;;;;;;;
Big Data y Gestión de la Información;course-v1:ISILGO+92_BDGI+2021;https://manager.isilgo.com/courses/course-v1:ISILGO+92_BDGI+2021/course/;;;;;;;;;;;;;;;;;;;;;
zzzcurso para borrar Big Data y Gestión de la Información;course-v1:ISILGO+92_BDGI+TEST2021;https://manager.isilgo.com/courses/course-v1:ISILGO+92_BDGI+TEST2021/course/;;;;;;;;;;;;;;;;;;;;;
Planeamiento y Pronóstico de la Demanda;course-v1:ISILGO+93_PPD+2021;https://manager.isilgo.com/courses/course-v1:ISILGO+93_PPD+2021/course/;;;;;;;;;;;;;;;;;;;;;
Redacción Creativa Publicitaria y Copywriting;course-v1:ISILGO+94_RCPC+2021;https://manager.isilgo.com/courses/course-v1:ISILGO+94_RCPC+2021/course/;;;;;;;;;;;;;;;;;;;;;
Aspectos Legales para el Emprendimiento;course-v1:ISILGO+95_ALE+2021;https://manager.isilgo.com/courses/course-v1:ISILGO+95_ALE+2021/course/;;;;;;;;;;;;;;;;;;;;;
Balanced Scorecard y Visualización de Indicadores;course-v1:ISILGO+96_BSVI+2021;https://manager.isilgo.com/courses/course-v1:ISILGO+96_BSVI+2021/course/;;;;;;;;;;;;;;;;;;;;;
Gestión del Talento en la Transformación Digital;course-v1:ISILGO+97_GTTD+2021;https://manager.isilgo.com/courses/course-v1:ISILGO+97_GTTD+2021/course/;;;;;;;;;;;;;;;;;;;;;
Shopify para la creación de e-commerce;course-v1:ISILGO+98_SCEC+2021;https://manager.isilgo.com/courses/course-v1:ISILGO+98_SCEC+2021/course/;;;;;;;;;;;;;;;;;;;;;
Lean Startup;course-v1:ISILGO+99_LS+2021;https://manager.isilgo.com/courses/course-v1:ISILGO+99_LS+2021/course/;;;;;;;;;;;;;;;;;;;;;
Curso demo 14032023;course-v1:ISILGO+DEMOEX14032023+2023;https://manager.isilgo.com/courses/course-v1:ISILGO+DEMOEX14032023+2023/course/;;;;;;;;;;;;;;;;;;;;;
;;;;;;;;;;;;;;;;;;;;;;;
;;;;;;;;;;;;;;;;;;;;;;;
;;;;;;;;;;;;;;;;;;;;;;;
;;;;;;;;;;;;;;;;;;;;;;;
;;;;;;;;;;;;;;;;;;;;;;;
;;;;;;;;;;;;;;;;;;;;;;;
;;;;;;;;;;;;;;;;;;;;;;;
;;;;;;;;;;;;;;;;;;;;;;;
;;;;;;;;;;;;;;;;;;;;;;;
;;;;;;;;;;;;;;;;;;;;;;;
;;;;;;;;;;;;;;;;;;;;;;;
;;;;;;;;;;;;;;;;;;;;;;;
;;;;;;;;;;;;;;;;;;;;;;;
;;;;;;;;;;;;;;;;;;;;;;;
;;;;;;;;;;;;;;;;;;;;;;;
;;;;;;;;;;;;;;;;;;;;;;;
;;;;;;;;;;;;;;;;;;;;;;;
;;;;;;;;;;;;;;;;;;;;;;;
;;;;;;;;;;;;;;;;;;;;;;;
;;;;;;;;;;;;;;;;;;;;;;;
;;;;;;;;;;;;;;;;;;;;;;;
;;;;;;;;;;;;;;;;;;;;;;;
;;;;;;;;;;;;;;;;;;;;;;;
;;;;;;;;;;;;;;;;;;;;;;;
;;;;;;;;;;;;;;;;;;;;;;;
;;;;;;;;;;;;;;;;;;;;;;;
;;;;;;;;;;;;;;;;;;;;;;;
;;;;;;;;;;;;;;;;;;;;;;;
;;;;;;;;;;;;;;;;;;;;;;;
;;;;;;;;;;;;;;;;;;;;;;;
;;;;;;;;;;;;;;;;;;;;;;;
;;;;;;;;;;;;;;;;;;;;;;;
;;;;;;;;;;;;;;;;;;;;;;;
;;;;;;;;;;;;;;;;;;;;;;;
;;;;;;;;;;;;;;;;;;;;;;;
;;;;;;;;;;;;;;;;;;;;;;;
;;;;;;;;;;;;;;;;;;;;;;;
;;;;;;;;;;;;;;;;;;;;;;;
;;;;;;;;;;;;;;;;;;;;;;;
;;;;;;;;;;;;;;;;;;;;;;;
;;;;;;;;;;;;;;;;;;;;;;;
;;;;;;;;;;;;;;;;;;;;;;;
;;;;;;;;;;;;;;;;;;;;;;;
;;;;;;;;;;;;;;;;;;;;;;;
;;;;;;;;;;;;;;;;;;;;;;;
;;;;;;;;;;;;;;;;;;;;;;;
;;;;;;;;;;;;;;;;;;;;;;;
;;;;;;;;;;;;;;;;;;;;;;;
;;;;;;;;;;;;;;;;;;;;;;;
;;;;;;;;;;;;;;;;;;;;;;;
;;;;;;;;;;;;;;;;;;;;;;;
;;;;;;;;;;;;;;;;;;;;;;;
;;;;;;;;;;;;;;;;;;;;;;;
;;;;;;;;;;;;;;;;;;;;;;;
;;;;;;;;;;;;;;;;;;;;;;;
;;;;;;;;;;;;;;;;;;;;;;;
;;;;;;;;;;;;;;;;;;;;;;;
;;;;;;;;;;;;;;;;;;;;;;;
;;;;;;;;;;;;;;;;;;;;;;;
;;;;;;;;;;;;;;;;;;;;;;;
;;;;;;;;;;;;;;;;;;;;;;;
;;;;;;;;;;;;;;;;;;;;;;;
;;;;;;;;;;;;;;;;;;;;;;;
;;;;;;;;;;;;;;;;;;;;;;;
;;;;;;;;;;;;;;;;;;;;;;;
;;;;;;;;;;;;;;;;;;;;;;;
;;;;;;;;;;;;;;;;;;;;;;;
;;;;;;;;;;;;;;;;;;;;;;;
;;;;;;;;;;;;;;;;;;;;;;;
;;;;;;;;;;;;;;;;;;;;;;;
;;;;;;;;;;;;;;;;;;;;;;;
;;;;;;;;;;;;;;;;;;;;;;;
;;;;;;;;;;;;;;;;;;;;;;;
;;;;;;;;;;;;;;;;;;;;;;;
;;;;;;;;;;;;;;;;;;;;;;;
;;;;;;;;;;;;;;;;;;;;;;;
;;;;;;;;;;;;;;;;;;;;;;;
;;;;;;;;;;;;;;;;;;;;;;;
;;;;;;;;;;;;;;;;;;;;;;;
;;;;;;;;;;;;;;;;;;;;;;;
;;;;;;;;;;;;;;;;;;;;;;;
;;;;;;;;;;;;;;;;;;;;;;;
;;;;;;;;;;;;;;;;;;;;;;;
;;;;;;;;;;;;;;;;;;;;;;;
;;;;;;;;;;;;;;;;;;;;;;;
;;;;;;;;;;;;;;;;;;;;;;;
;;;;;;;;;;;;;;;;;;;;;;;
;;;;;;;;;;;;;;;;;;;;;;;
;;;;;;;;;;;;;;;;;;;;;;;
;;;;;;;;;;;;;;;;;;;;;;;
;;;;;;;;;;;;;;;;;;;;;;;
;;;;;;;;;;;;;;;;;;;;;;;
;;;;;;;;;;;;;;;;;;;;;;;
;;;;;;;;;;;;;;;;;;;;;;;
;;;;;;;;;;;;;;;;;;;;;;;
;;;;;;;;;;;;;;;;;;;;;;;
;;;;;;;;;;;;;;;;;;;;;;;
;;;;;;;;;;;;;;;;;;;;;;;
;;;;;;;;;;;;;;;;;;;;;;;
;;;;;;;;;;;;;;;;;;;;;;;
;;;;;;;;;;;;;;;;;;;;;;;
;;;;;;;;;;;;;;;;;;;;;;;
;;;;;;;;;;;;;;;;;;;;;;;
;;;;;;;;;;;;;;;;;;;;;;;
;;;;;;;;;;;;;;;;;;;;;;;
;;;;;;;;;;;;;;;;;;;;;;;
;;;;;;;;;;;;;;;;;;;;;;;
;;;;;;;;;;;;;;;;;;;;;;;
;;;;;;;;;;;;;;;;;;;;;;;
;;;;;;;;;;;;;;;;;;;;;;;
;;;;;;;;;;;;;;;;;;;;;;;
;;;;;;;;;;;;;;;;;;;;;;;
;;;;;;;;;;;;;;;;;;;;;;;
;;;;;;;;;;;;;;;;;;;;;;;
;;;;;;;;;;;;;;;;;;;;;;;
;;;;;;;;;;;;;;;;;;;;;;;
;;;;;;;;;;;;;;;;;;;;;;;
;;;;;;;;;;;;;;;;;;;;;;;
;;;;;;;;;;;;;;;;;;;;;;;
;;;;;;;;;;;;;;;;;;;;;;;
;;;;;;;;;;;;;;;;;;;;;;;
;;;;;;;;;;;;;;;;;;;;;;;
;;;;;;;;;;;;;;;;;;;;;;;
;;;;;;;;;;;;;;;;;;;;;;;
;;;;;;;;;;;;;;;;;;;;;;;
;;;;;;;;;;;;;;;;;;;;;;;
;;;;;;;;;;;;;;;;;;;;;;;
;;;;;;;;;;;;;;;;;;;;;;;
;;;;;;;;;;;;;;;;;;;;;;;
;;;;;;;;;;;;;;;;;;;;;;;
;;;;;;;;;;;;;;;;;;;;;;;
;;;;;;;;;;;;;;;;;;;;;;;
;;;;;;;;;;;;;;;;;;;;;;;
;;;;;;;;;;;;;;;;;;;;;;;
;;;;;;;;;;;;;;;;;;;;;;;
;;;;;;;;;;;;;;;;;;;;;;;
;;;;;;;;;;;;;;;;;;;;;;;
;;;;;;;;;;;;;;;;;;;;;;;
;;;;;;;;;;;;;;;;;;;;;;;
;;;;;;;;;;;;;;;;;;;;;;;
;;;;;;;;;;;;;;;;;;;;;;;
;;;;;;;;;;;;;;;;;;;;;;;
;;;;;;;;;;;;;;;;;;;;;;;
;;;;;;;;;;;;;;;;;;;;;;;
;;;;;;;;;;;;;;;;;;;;;;;
;;;;;;;;;;;;;;;;;;;;;;;
;;;;;;;;;;;;;;;;;;;;;;;
;;;;;;;;;;;;;;;;;;;;;;;
;;;;;;;;;;;;;;;;;;;;;;;
;;;;;;;;;;;;;;;;;;;;;;;
;;;;;;;;;;;;;;;;;;;;;;;
;;;;;;;;;;;;;;;;;;;;;;;
;;;;;;;;;;;;;;;;;;;;;;;
;;;;;;;;;;;;;;;;;;;;;;;
;;;;;;;;;;;;;;;;;;;;;;;
;;;;;;;;;;;;;;;;;;;;;;;
;;;;;;;;;;;;;;;;;;;;;;;
;;;;;;;;;;;;;;;;;;;;;;;
;;;;;;;;;;;;;;;;;;;;;;;
;;;;;;;;;;;;;;;;;;;;;;;
;;;;;;;;;;;;;;;;;;;;;;;
;;;;;;;;;;;;;;;;;;;;;;;
;;;;;;;;;;;;;;;;;;;;;;;
;;;;;;;;;;;;;;;;;;;;;;;
;;;;;;;;;;;;;;;;;;;;;;;
;;;;;;;;;;;;;;;;;;;;;;;
;;;;;;;;;;;;;;;;;;;;;;;
;;;;;;;;;;;;;;;;;;;;;;;
;;;;;;;;;;;;;;;;;;;;;;;
;;;;;;;;;;;;;;;;;;;;;;;
;;;;;;;;;;;;;;;;;;;;;;;
;;;;;;;;;;;;;;;;;;;;;;;
;;;;;;;;;;;;;;;;;;;;;;;
;;;;;;;;;;;;;;;;;;;;;;;
;;;;;;;;;;;;;;;;;;;;;;;
;;;;;;;;;;;;;;;;;;;;;;;
;;;;;;;;;;;;;;;;;;;;;;;
;;;;;;;;;;;;;;;;;;;;;;;
;;;;;;;;;;;;;;;;;;;;;;;
;;;;;;;;;;;;;;;;;;;;;;;
;;;;;;;;;;;;;;;;;;;;;;;
;;;;;;;;;;;;;;;;;;;;;;;
;;;;;;;;;;;;;;;;;;;;;;;
;;;;;;;;;;;;;;;;;;;;;;;
;;;;;;;;;;;;;;;;;;;;;;;
;;;;;;;;;;;;;;;;;;;;;;;
;;;;;;;;;;;;;;;;;;;;;;;
;;;;;;;;;;;;;;;;;;;;;;;
;;;;;;;;;;;;;;;;;;;;;;;
;;;;;;;;;;;;;;;;;;;;;;;
;;;;;;;;;;;;;;;;;;;;;;;
;;;;;;;;;;;;;;;;;;;;;;;
;;;;;;;;;;;;;;;;;;;;;;;
;;;;;;;;;;;;;;;;;;;;;;;
;;;;;;;;;;;;;;;;;;;;;;;
;;;;;;;;;;;;;;;;;;;;;;;
;;;;;;;;;;;;;;;;;;;;;;;
;;;;;;;;;;;;;;;;;;;;;;;
;;;;;;;;;;;;;;;;;;;;;;;
;;;;;;;;;;;;;;;;;;;;;;;
;;;;;;;;;;;;;;;;;;;;;;;
;;;;;;;;;;;;;;;;;;;;;;;
;;;;;;;;;;;;;;;;;;;;;;;
;;;;;;;;;;;;;;;;;;;;;;;
;;;;;;;;;;;;;;;;;;;;;;;
;;;;;;;;;;;;;;;;;;;;;;;
;;;;;;;;;;;;;;;;;;;;;;;
;;;;;;;;;;;;;;;;;;;;;;;
;;;;;;;;;;;;;;;;;;;;;;;
;;;;;;;;;;;;;;;;;;;;;;;
;;;;;;;;;;;;;;;;;;;;;;;
;;;;;;;;;;;;;;;;;;;;;;;
;;;;;;;;;;;;;;;;;;;;;;;
;;;;;;;;;;;;;;;;;;;;;;;
;;;;;;;;;;;;;;;;;;;;;;;
;;;;;;;;;;;;;;;;;;;;;;;
;;;;;;;;;;;;;;;;;;;;;;;
;;;;;;;;;;;;;;;;;;;;;;;
;;;;;;;;;;;;;;;;;;;;;;;
;;;;;;;;;;;;;;;;;;;;;;;
;;;;;;;;;;;;;;;;;;;;;;;
;;;;;;;;;;;;;;;;;;;;;;;
;;;;;;;;;;;;;;;;;;;;;;;
;;;;;;;;;;;;;;;;;;;;;;;
;;;;;;;;;;;;;;;;;;;;;;;
;;;;;;;;;;;;;;;;;;;;;;;
;;;;;;;;;;;;;;;;;;;;;;;
;;;;;;;;;;;;;;;;;;;;;;;
;;;;;;;;;;;;;;;;;;;;;;;
;;;;;;;;;;;;;;;;;;;;;;;
;;;;;;;;;;;;;;;;;;;;;;;
;;;;;;;;;;;;;;;;;;;;;;;
;;;;;;;;;;;;;;;;;;;;;;;
;;;;;;;;;;;;;;;;;;;;;;;
;;;;;;;;;;;;;;;;;;;;;;;
;;;;;;;;;;;;;;;;;;;;;;;
;;;;;;;;;;;;;;;;;;;;;;;
;;;;;;;;;;;;;;;;;;;;;;;
;;;;;;;;;;;;;;;;;;;;;;;
;;;;;;;;;;;;;;;;;;;;;;;
;;;;;;;;;;;;;;;;;;;;;;;
;;;;;;;;;;;;;;;;;;;;;;;
;;;;;;;;;;;;;;;;;;;;;;;
;;;;;;;;;;;;;;;;;;;;;;;
;;;;;;;;;;;;;;;;;;;;;;;
;;;;;;;;;;;;;;;;;;;;;;;
;;;;;;;;;;;;;;;;;;;;;;;
;;;;;;;;;;;;;;;;;;;;;;;
;;;;;;;;;;;;;;;;;;;;;;;
;;;;;;;;;;;;;;;;;;;;;;;
;;;;;;;;;;;;;;;;;;;;;;;
;;;;;;;;;;;;;;;;;;;;;;;
;;;;;;;;;;;;;;;;;;;;;;;
;;;;;;;;;;;;;;;;;;;;;;;
;;;;;;;;;;;;;;;;;;;;;;;
;;;;;;;;;;;;;;;;;;;;;;;
;;;;;;;;;;;;;;;;;;;;;;;
;;;;;;;;;;;;;;;;;;;;;;;
;;;;;;;;;;;;;;;;;;;;;;;
;;;;;;;;;;;;;;;;;;;;;;;
;;;;;;;;;;;;;;;;;;;;;;;
;;;;;;;;;;;;;;;;;;;;;;;
;;;;;;;;;;;;;;;;;;;;;;;
;;;;;;;;;;;;;;;;;;;;;;;
;;;;;;;;;;;;;;;;;;;;;;;
;;;;;;;;;;;;;;;;;;;;;;;
;;;;;;;;;;;;;;;;;;;;;;;
;;;;;;;;;;;;;;;;;;;;;;;
;;;;;;;;;;;;;;;;;;;;;;;
;;;;;;;;;;;;;;;;;;;;;;;
;;;;;;;;;;;;;;;;;;;;;;;
;;;;;;;;;;;;;;;;;;;;;;;
;;;;;;;;;;;;;;;;;;;;;;;
;;;;;;;;;;;;;;;;;;;;;;;
;;;;;;;;;;;;;;;;;;;;;;;
;;;;;;;;;;;;;;;;;;;;;;;
;;;;;;;;;;;;;;;;;;;;;;;
;;;;;;;;;;;;;;;;;;;;;;;
;;;;;;;;;;;;;;;;;;;;;;;
;;;;;;;;;;;;;;;;;;;;;;;
;;;;;;;;;;;;;;;;;;;;;;;
;;;;;;;;;;;;;;;;;;;;;;;
;;;;;;;;;;;;;;;;;;;;;;;
;;;;;;;;;;;;;;;;;;;;;;;
;;;;;;;;;;;;;;;;;;;;;;;
;;;;;;;;;;;;;;;;;;;;;;;
;;;;;;;;;;;;;;;;;;;;;;;
;;;;;;;;;;;;;;;;;;;;;;;
;;;;;;;;;;;;;;;;;;;;;;;
;;;;;;;;;;;;;;;;;;;;;;;
;;;;;;;;;;;;;;;;;;;;;;;
;;;;;;;;;;;;;;;;;;;;;;;
;;;;;;;;;;;;;;;;;;;;;;;
;;;;;;;;;;;;;;;;;;;;;;;
;;;;;;;;;;;;;;;;;;;;;;;
;;;;;;;;;;;;;;;;;;;;;;;
;;;;;;;;;;;;;;;;;;;;;;;
;;;;;;;;;;;;;;;;;;;;;;;
;;;;;;;;;;;;;;;;;;;;;;;
;;;;;;;;;;;;;;;;;;;;;;;
;;;;;;;;;;;;;;;;;;;;;;;
;;;;;;;;;;;;;;;;;;;;;;;
;;;;;;;;;;;;;;;;;;;;;;;
;;;;;;;;;;;;;;;;;;;;;;;
;;;;;;;;;;;;;;;;;;;;;;;
;;;;;;;;;;;;;;;;;;;;;;;
;;;;;;;;;;;;;;;;;;;;;;;
;;;;;;;;;;;;;;;;;;;;;;;
;;;;;;;;;;;;;;;;;;;;;;;
;;;;;;;;;;;;;;;;;;;;;;;
;;;;;;;;;;;;;;;;;;;;;;;
;;;;;;;;;;;;;;;;;;;;;;;
;;;;;;;;;;;;;;;;;;;;;;;
;;;;;;;;;;;;;;;;;;;;;;;
;;;;;;;;;;;;;;;;;;;;;;;
;;;;;;;;;;;;;;;;;;;;;;;
;;;;;;;;;;;;;;;;;;;;;;;
;;;;;;;;;;;;;;;;;;;;;;;
;;;;;;;;;;;;;;;;;;;;;;;
;;;;;;;;;;;;;;;;;;;;;;;
;;;;;;;;;;;;;;;;;;;;;;;
;;;;;;;;;;;;;;;;;;;;;;;
;;;;;;;;;;;;;;;;;;;;;;;
;;;;;;;;;;;;;;;;;;;;;;;
;;;;;;;;;;;;;;;;;;;;;;;
;;;;;;;;;;;;;;;;;;;;;;;
;;;;;;;;;;;;;;;;;;;;;;;
;;;;;;;;;;;;;;;;;;;;;;;
;;;;;;;;;;;;;;;;;;;;;;;
;;;;;;;;;;;;;;;;;;;;;;;
;;;;;;;;;;;;;;;;;;;;;;;
;;;;;;;;;;;;;;;;;;;;;;;
;;;;;;;;;;;;;;;;;;;;;;;
;;;;;;;;;;;;;;;;;;;;;;;
;;;;;;;;;;;;;;;;;;;;;;;
;;;;;;;;;;;;;;;;;;;;;;;
;;;;;;;;;;;;;;;;;;;;;;;
;;;;;;;;;;;;;;;;;;;;;;;
;;;;;;;;;;;;;;;;;;;;;;;
;;;;;;;;;;;;;;;;;;;;;;;
;;;;;;;;;;;;;;;;;;;;;;;
;;;;;;;;;;;;;;;;;;;;;;;
;;;;;;;;;;;;;;;;;;;;;;;
;;;;;;;;;;;;;;;;;;;;;;;
;;;;;;;;;;;;;;;;;;;;;;;
;;;;;;;;;;;;;;;;;;;;;;;
;;;;;;;;;;;;;;;;;;;;;;;
;;;;;;;;;;;;;;;;;;;;;;;
;;;;;;;;;;;;;;;;;;;;;;;
;;;;;;;;;;;;;;;;;;;;;;;
;;;;;;;;;;;;;;;;;;;;;;;
;;;;;;;;;;;;;;;;;;;;;;;
;;;;;;;;;;;;;;;;;;;;;;;
;;;;;;;;;;;;;;;;;;;;;;;
;;;;;;;;;;;;;;;;;;;;;;;
;;;;;;;;;;;;;;;;;;;;;;;
;;;;;;;;;;;;;;;;;;;;;;;
;;;;;;;;;;;;;;;;;;;;;;;
;;;;;;;;;;;;;;;;;;;;;;;
;;;;;;;;;;;;;;;;;;;;;;;
;;;;;;;;;;;;;;;;;;;;;;;
;;;;;;;;;;;;;;;;;;;;;;;
;;;;;;;;;;;;;;;;;;;;;;;
;;;;;;;;;;;;;;;;;;;;;;;
;;;;;;;;;;;;;;;;;;;;;;;
;;;;;;;;;;;;;;;;;;;;;;;
;;;;;;;;;;;;;;;;;;;;;;;
;;;;;;;;;;;;;;;;;;;;;;;
;;;;;;;;;;;;;;;;;;;;;;;
;;;;;;;;;;;;;;;;;;;;;;;
;;;;;;;;;;;;;;;;;;;;;;;
;;;;;;;;;;;;;;;;;;;;;;;
;;;;;;;;;;;;;;;;;;;;;;;
;;;;;;;;;;;;;;;;;;;;;;;
;;;;;;;;;;;;;;;;;;;;;;;
;;;;;;;;;;;;;;;;;;;;;;;
;;;;;;;;;;;;;;;;;;;;;;;
;;;;;;;;;;;;;;;;;;;;;;;
;;;;;;;;;;;;;;;;;;;;;;;
;;;;;;;;;;;;;;;;;;;;;;;
;;;;;;;;;;;;;;;;;;;;;;;
;;;;;;;;;;;;;;;;;;;;;;;
;;;;;;;;;;;;;;;;;;;;;;;
;;;;;;;;;;;;;;;;;;;;;;;
;;;;;;;;;;;;;;;;;;;;;;;
;;;;;;;;;;;;;;;;;;;;;;;
;;;;;;;;;;;;;;;;;;;;;;;
;;;;;;;;;;;;;;;;;;;;;;;
;;;;;;;;;;;;;;;;;;;;;;;
;;;;;;;;;;;;;;;;;;;;;;;
;;;;;;;;;;;;;;;;;;;;;;;
;;;;;;;;;;;;;;;;;;;;;;;
;;;;;;;;;;;;;;;;;;;;;;;
;;;;;;;;;;;;;;;;;;;;;;;
;;;;;;;;;;;;;;;;;;;;;;;
;;;;;;;;;;;;;;;;;;;;;;;
;;;;;;;;;;;;;;;;;;;;;;;
;;;;;;;;;;;;;;;;;;;;;;;
;;;;;;;;;;;;;;;;;;;;;;;
;;;;;;;;;;;;;;;;;;;;;;;
;;;;;;;;;;;;;;;;;;;;;;;
;;;;;;;;;;;;;;;;;;;;;;;
;;;;;;;;;;;;;;;;;;;;;;;
;;;;;;;;;;;;;;;;;;;;;;;
;;;;;;;;;;;;;;;;;;;;;;;
;;;;;;;;;;;;;;;;;;;;;;;
;;;;;;;;;;;;;;;;;;;;;;;
;;;;;;;;;;;;;;;;;;;;;;;
;;;;;;;;;;;;;;;;;;;;;;;
;;;;;;;;;;;;;;;;;;;;;;;
;;;;;;;;;;;;;;;;;;;;;;;
;;;;;;;;;;;;;;;;;;;;;;;
;;;;;;;;;;;;;;;;;;;;;;;
;;;;;;;;;;;;;;;;;;;;;;;
;;;;;;;;;;;;;;;;;;;;;;;
;;;;;;;;;;;;;;;;;;;;;;;
;;;;;;;;;;;;;;;;;;;;;;;
;;;;;;;;;;;;;;;;;;;;;;;
;;;;;;;;;;;;;;;;;;;;;;;
;;;;;;;;;;;;;;;;;;;;;;;
;;;;;;;;;;;;;;;;;;;;;;;
;;;;;;;;;;;;;;;;;;;;;;;
;;;;;;;;;;;;;;;;;;;;;;;
;;;;;;;;;;;;;;;;;;;;;;;
;;;;;;;;;;;;;;;;;;;;;;;
;;;;;;;;;;;;;;;;;;;;;;;
;;;;;;;;;;;;;;;;;;;;;;;
;;;;;;;;;;;;;;;;;;;;;;;
;;;;;;;;;;;;;;;;;;;;;;;
;;;;;;;;;;;;;;;;;;;;;;;
;;;;;;;;;;;;;;;;;;;;;;;
;;;;;;;;;;;;;;;;;;;;;;;
;;;;;;;;;;;;;;;;;;;;;;;
;;;;;;;;;;;;;;;;;;;;;;;
;;;;;;;;;;;;;;;;;;;;;;;
;;;;;;;;;;;;;;;;;;;;;;;
;;;;;;;;;;;;;;;;;;;;;;;
;;;;;;;;;;;;;;;;;;;;;;;
;;;;;;;;;;;;;;;;;;;;;;;
;;;;;;;;;;;;;;;;;;;;;;;
;;;;;;;;;;;;;;;;;;;;;;;
;;;;;;;;;;;;;;;;;;;;;;;
;;;;;;;;;;;;;;;;;;;;;;;
;;;;;;;;;;;;;;;;;;;;;;;
;;;;;;;;;;;;;;;;;;;;;;;
;;;;;;;;;;;;;;;;;;;;;;;
;;;;;;;;;;;;;;;;;;;;;;;
;;;;;;;;;;;;;;;;;;;;;;;
;;;;;;;;;;;;;;;;;;;;;;;
;;;;;;;;;;;;;;;;;;;;;;;
;;;;;;;;;;;;;;;;;;;;;;;
;;;;;;;;;;;;;;;;;;;;;;;
;;;;;;;;;;;;;;;;;;;;;;;
;;;;;;;;;;;;;;;;;;;;;;;
;;;;;;;;;;;;;;;;;;;;;;;
;;;;;;;;;;;;;;;;;;;;;;;
;;;;;;;;;;;;;;;;;;;;;;;
;;;;;;;;;;;;;;;;;;;;;;;
;;;;;;;;;;;;;;;;;;;;;;;
;;;;;;;;;;;;;;;;;;;;;;;
;;;;;;;;;;;;;;;;;;;;;;;
;;;;;;;;;;;;;;;;;;;;;;;
;;;;;;;;;;;;;;;;;;;;;;;
;;;;;;;;;;;;;;;;;;;;;;;
;;;;;;;;;;;;;;;;;;;;;;;
;;;;;;;;;;;;;;;;;;;;;;;
;;;;;;;;;;;;;;;;;;;;;;;
;;;;;;;;;;;;;;;;;;;;;;;
;;;;;;;;;;;;;;;;;;;;;;;
;;;;;;;;;;;;;;;;;;;;;;;
;;;;;;;;;;;;;;;;;;;;;;;
;;;;;;;;;;;;;;;;;;;;;;;
;;;;;;;;;;;;;;;;;;;;;;;
;;;;;;;;;;;;;;;;;;;;;;;
;;;;;;;;;;;;;;;;;;;;;;;
;;;;;;;;;;;;;;;;;;;;;;;
;;;;;;;;;;;;;;;;;;;;;;;
;;;;;;;;;;;;;;;;;;;;;;;
;;;;;;;;;;;;;;;;;;;;;;;
;;;;;;;;;;;;;;;;;;;;;;;
;;;;;;;;;;;;;;;;;;;;;;;
;;;;;;;;;;;;;;;;;;;;;;;
;;;;;;;;;;;;;;;;;;;;;;;
;;;;;;;;;;;;;;;;;;;;;;;
;;;;;;;;;;;;;;;;;;;;;;;
;;;;;;;;;;;;;;;;;;;;;;;
;;;;;;;;;;;;;;;;;;;;;;;
;;;;;;;;;;;;;;;;;;;;;;;
;;;;;;;;;;;;;;;;;;;;;;;
;;;;;;;;;;;;;;;;;;;;;;;
;;;;;;;;;;;;;;;;;;;;;;;
;;;;;;;;;;;;;;;;;;;;;;;
;;;;;;;;;;;;;;;;;;;;;;;
;;;;;;;;;;;;;;;;;;;;;;;
;;;;;;;;;;;;;;;;;;;;;;;
;;;;;;;;;;;;;;;;;;;;;;;
;;;;;;;;;;;;;;;;;;;;;;;
;;;;;;;;;;;;;;;;;;;;;;;
;;;;;;;;;;;;;;;;;;;;;;;
;;;;;;;;;;;;;;;;;;;;;;;
;;;;;;;;;;;;;;;;;;;;;;;
;;;;;;;;;;;;;;;;;;;;;;;
;;;;;;;;;;;;;;;;;;;;;;;
;;;;;;;;;;;;;;;;;;;;;;;
;;;;;;;;;;;;;;;;;;;;;;;
;;;;;;;;;;;;;;;;;;;;;;;
;;;;;;;;;;;;;;;;;;;;;;;
;;;;;;;;;;;;;;;;;;;;;;;
;;;;;;;;;;;;;;;;;;;;;;;
;;;;;;;;;;;;;;;;;;;;;;;
;;;;;;;;;;;;;;;;;;;;;;;
;;;;;;;;;;;;;;;;;;;;;;;
;;;;;;;;;;;;;;;;;;;;;;;
;;;;;;;;;;;;;;;;;;;;;;;
;;;;;;;;;;;;;;;;;;;;;;;
;;;;;;;;;;;;;;;;;;;;;;;
;;;;;;;;;;;;;;;;;;;;;;;
;;;;;;;;;;;;;;;;;;;;;;;
;;;;;;;;;;;;;;;;;;;;;;;
;;;;;;;;;;;;;;;;;;;;;;;
;;;;;;;;;;;;;;;;;;;;;;;
;;;;;;;;;;;;;;;;;;;;;;;
;;;;;;;;;;;;;;;;;;;;;;;
;;;;;;;;;;;;;;;;;;;;;;;
;;;;;;;;;;;;;;;;;;;;;;;
;;;;;;;;;;;;;;;;;;;;;;;
;;;;;;;;;;;;;;;;;;;;;;;
;;;;;;;;;;;;;;;;;;;;;;;
;;;;;;;;;;;;;;;;;;;;;;;
;;;;;;;;;;;;;;;;;;;;;;;
;;;;;;;;;;;;;;;;;;;;;;;
;;;;;;;;;;;;;;;;;;;;;;;
;;;;;;;;;;;;;;;;;;;;;;;
;;;;;;;;;;;;;;;;;;;;;;;
;;;;;;;;;;;;;;;;;;;;;;;
;;;;;;;;;;;;;;;;;;;;;;;
;;;;;;;;;;;;;;;;;;;;;;;
;;;;;;;;;;;;;;;;;;;;;;;
;;;;;;;;;;;;;;;;;;;;;;;
;;;;;;;;;;;;;;;;;;;;;;;
;;;;;;;;;;;;;;;;;;;;;;;
;;;;;;;;;;;;;;;;;;;;;;;
;;;;;;;;;;;;;;;;;;;;;;;
;;;;;;;;;;;;;;;;;;;;;;;
;;;;;;;;;;;;;;;;;;;;;;;
;;;;;;;;;;;;;;;;;;;;;;;
;;;;;;;;;;;;;;;;;;;;;;;
;;;;;;;;;;;;;;;;;;;;;;;
;;;;;;;;;;;;;;;;;;;;;;;
;;;;;;;;;;;;;;;;;;;;;;;
;;;;;;;;;;;;;;;;;;;;;;;
;;;;;;;;;;;;;;;;;;;;;;;
;;;;;;;;;;;;;;;;;;;;;;;
;;;;;;;;;;;;;;;;;;;;;;;
;;;;;;;;;;;;;;;;;;;;;;;
;;;;;;;;;;;;;;;;;;;;;;;
;;;;;;;;;;;;;;;;;;;;;;;
;;;;;;;;;;;;;;;;;;;;;;;
;;;;;;;;;;;;;;;;;;;;;;;
;;;;;;;;;;;;;;;;;;;;;;;
;;;;;;;;;;;;;;;;;;;;;;;
;;;;;;;;;;;;;;;;;;;;;;;
;;;;;;;;;;;;;;;;;;;;;;;
;;;;;;;;;;;;;;;;;;;;;;;
;;;;;;;;;;;;;;;;;;;;;;;
;;;;;;;;;;;;;;;;;;;;;;;
;;;;;;;;;;;;;;;;;;;;;;;
;;;;;;;;;;;;;;;;;;;;;;;
;;;;;;;;;;;;;;;;;;;;;;;
;;;;;;;;;;;;;;;;;;;;;;;
;;;;;;;;;;;;;;;;;;;;;;;
;;;;;;;;;;;;;;;;;;;;;;;
;;;;;;;;;;;;;;;;;;;;;;;
;;;;;;;;;;;;;;;;;;;;;;;
;;;;;;;;;;;;;;;;;;;;;;;
;;;;;;;;;;;;;;;;;;;;;;;
;;;;;;;;;;;;;;;;;;;;;;;
;;;;;;;;;;;;;;;;;;;;;;;
;;;;;;;;;;;;;;;;;;;;;;;
;;;;;;;;;;;;;;;;;;;;;;;
;;;;;;;;;;;;;;;;;;;;;;;
;;;;;;;;;;;;;;;;;;;;;;;
;;;;;;;;;;;;;;;;;;;;;;;
;;;;;;;;;;;;;;;;;;;;;;;
;;;;;;;;;;;;;;;;;;;;;;;
;;;;;;;;;;;;;;;;;;;;;;;
;;;;;;;;;;;;;;;;;;;;;;;
;;;;;;;;;;;;;;;;;;;;;;;
;;;;;;;;;;;;;;;;;;;;;;;
;;;;;;;;;;;;;;;;;;;;;;;
;;;;;;;;;;;;;;;;;;;;;;;
;;;;;;;;;;;;;;;;;;;;;;;
;;;;;;;;;;;;;;;;;;;;;;;
;;;;;;;;;;;;;;;;;;;;;;;
;;;;;;;;;;;;;;;;;;;;;;;
;;;;;;;;;;;;;;;;;;;;;;;
;;;;;;;;;;;;;;;;;;;;;;;
;;;;;;;;;;;;;;;;;;;;;;;
;;;;;;;;;;;;;;;;;;;;;;;
;;;;;;;;;;;;;;;;;;;;;;;
;;;;;;;;;;;;;;;;;;;;;;;
;;;;;;;;;;;;;;;;;;;;;;;
;;;;;;;;;;;;;;;;;;;;;;;
;;;;;;;;;;;;;;;;;;;;;;;
;;;;;;;;;;;;;;;;;;;;;;;
;;;;;;;;;;;;;;;;;;;;;;;
;;;;;;;;;;;;;;;;;;;;;;;
;;;;;;;;;;;;;;;;;;;;;;;
;;;;;;;;;;;;;;;;;;;;;;;
;;;;;;;;;;;;;;;;;;;;;;;
;;;;;;;;;;;;;;;;;;;;;;;
;;;;;;;;;;;;;;;;;;;;;;;
;;;;;;;;;;;;;;;;;;;;;;;
;;;;;;;;;;;;;;;;;;;;;;;
;;;;;;;;;;;;;;;;;;;;;;;
;;;;;;;;;;;;;;;;;;;;;;;
;;;;;;;;;;;;;;;;;;;;;;;
;;;;;;;;;;;;;;;;;;;;;;;
;;;;;;;;;;;;;;;;;;;;;;;
;;;;;;;;;;;;;;;;;;;;;;;
;;;;;;;;;;;;;;;;;;;;;;;
;;;;;;;;;;;;;;;;;;;;;;;
;;;;;;;;;;;;;;;;;;;;;;;
;;;;;;;;;;;;;;;;;;;;;;;
;;;;;;;;;;;;;;;;;;;;;;;
;;;;;;;;;;;;;;;;;;;;;;;
;;;;;;;;;;;;;;;;;;;;;;;
;;;;;;;;;;;;;;;;;;;;;;;
;;;;;;;;;;;;;;;;;;;;;;;
;;;;;;;;;;;;;;;;;;;;;;;
